-- phpMyAdmin SQL Dump
-- version 5.0.2
-- https://www.phpmyadmin.net/
--
-- Host: 127.0.0.1
-- Generation Time: Aug 30, 2023 at 11:23 AM
-- Server version: 10.4.14-MariaDB
-- PHP Version: 7.4.10

SET SQL_MODE = "NO_AUTO_VALUE_ON_ZERO";
START TRANSACTION;
SET time_zone = "+00:00";


/*!40101 SET @OLD_CHARACTER_SET_CLIENT=@@CHARACTER_SET_CLIENT */;
/*!40101 SET @OLD_CHARACTER_SET_RESULTS=@@CHARACTER_SET_RESULTS */;
/*!40101 SET @OLD_COLLATION_CONNECTION=@@COLLATION_CONNECTION */;
/*!40101 SET NAMES utf8mb4 */;

--
-- Database: `tps`
--

-- --------------------------------------------------------

--
-- Table structure for table `biodataa`
--

CREATE TABLE `biodataa` (
  `ukey` int(11) NOT NULL,
  `name` varchar(50) NOT NULL,
  `gender` varchar(6) NOT NULL,
  `phone` varchar(11) NOT NULL,
  `email` varchar(150) NOT NULL,
  `password` varchar(250) NOT NULL,
  `rolukey` int(11) NOT NULL
) ENGINE=InnoDB DEFAULT CHARSET=utf8mb4;

--
-- Dumping data for table `biodataa`
--

INSERT INTO `biodataa` (`ukey`, `name`, `gender`, `phone`, `email`, `password`, `rolukey`) VALUES
(1, 'Yusuf Ahmad', 'Male', '07037969117', 'iyusufahmad@gmail.com', '$2y$10$ujTzOKR86zlDa6PhWXrDR.ym87hzZCHk/.UTdUCzKw6ELSoIVMuSC', 0),
(2, 'Murtala Isma`il', 'Male', '07063598202', 'murtalaismail@gail.com', '$2y$10$uWNfGm3JI4OdRiWfRFN17eU7TH7PoFqsntYwB/vBrxgswyqZMw2Ze', 0),
(3, '', '', '', 'murtalaismail@gmail.com', '$2y$10$ChihAGa78EVQppoeQyCVzu457aEOqkagtkbbbxwau12K9ONwDRSxC', 0),
(4, '', '', '', 'abuya@gmail.com', '$2y$10$YCZgEaUFoMgxDoFB70sYx.Co.q.ONPEgqZVrcceK2K72wiBqkn6Pu', 0),
(5, '', '', '', 'aishazubairu57@gmail.com', '$2y$10$eCNnRRQwai2/lLM7Lrn8Uuuka.r43jkOwlxbwYXj.6u7Npjo86Bn2', 0),
(6, '', '', '', 'madaki@gmail.com', '$2y$10$baloOLGlsaRV4KfrUMhpzO05I4kkUtH170k2AYu56ubOcZVX2VBbC', 0),
(7, '', '', '', 'e10@gmail.com', '$2y$10$RvX5hpoonN44c.RtQxCuWe7DIXBovl6y6VxAoh1Uq9PdQOfqUAH8.', 0),
(8, '', '', '', 'seamlessict@gmail.com', '$2y$10$5GqISHXEHdG9h.j9RlVp1.v2t8RhPrfP6nFvCmk5sTqzR9u8zfW7W', 0);

-- --------------------------------------------------------

--
-- Table structure for table `carry_over`
--

CREATE TABLE `carry_over` (
  `id` int(11) NOT NULL,
  `course_id` varchar(8) NOT NULL,
  `status` int(11) NOT NULL DEFAULT 0,
  `department_id` int(11) NOT NULL,
  `faculty_id` int(11) NOT NULL,
  `stud_id` int(11) NOT NULL,
  `session_id` int(11) NOT NULL,
  `level_id` int(11) NOT NULL,
  `semester_id` int(11) NOT NULL,
  `score` int(11) NOT NULL
) ENGINE=InnoDB DEFAULT CHARSET=utf8mb4;

--
-- Dumping data for table `carry_over`
--

INSERT INTO `carry_over` (`id`, `course_id`, `status`, `department_id`, `faculty_id`, `stud_id`, `session_id`, `level_id`, `semester_id`, `score`) VALUES
(1, '9', 0, 0, 0, 3, 36, 3, 1, 0),
(2, '9', 0, 0, 0, 8, 36, 3, 1, 36),
(3, '9', 0, 0, 0, 9, 36, 3, 1, 0),
(4, '10', 0, 0, 0, 3, 36, 3, 1, 0),
(5, '10', 0, 0, 0, 9, 36, 3, 1, 0),
(6, '6', 0, 0, 0, 3, 36, 3, 1, 0),
(7, '6', 0, 0, 0, 9, 36, 3, 1, 28),
(8, '6', 0, 0, 0, 30, 36, 3, 1, 31),
(9, '7', 0, 0, 0, 3, 36, 3, 1, 0),
(10, '7', 0, 0, 0, 9, 36, 3, 1, 18),
(11, '7', 0, 0, 0, 26, 36, 3, 1, 31),
(12, '7', 0, 0, 0, 30, 36, 3, 1, 27),
(13, '8', 0, 0, 0, 3, 36, 3, 1, 0),
(14, '8', 0, 0, 0, 9, 36, 3, 1, 0),
(15, '8', 0, 0, 0, 16, 36, 3, 1, 32),
(16, '8', 0, 0, 0, 30, 36, 3, 1, 23),
(17, '8', 0, 0, 0, 36, 36, 3, 1, 34),
(18, '4', 0, 0, 0, 3, 36, 3, 1, 0),
(19, '4', 0, 0, 0, 9, 36, 3, 1, 0),
(20, '4', 0, 0, 0, 10, 36, 3, 1, 32),
(21, '4', 0, 0, 0, 13, 36, 3, 1, 31),
(22, '4', 0, 0, 0, 16, 36, 3, 1, 33),
(23, '4', 0, 0, 0, 30, 36, 3, 1, 26),
(24, '5', 0, 0, 0, 3, 36, 3, 1, 0),
(25, '5', 0, 0, 0, 13, 36, 3, 1, 34),
(26, '5', 0, 0, 0, 16, 36, 3, 1, 35),
(27, '1', 0, 0, 0, 3, 36, 3, 1, 0),
(28, '1', 0, 0, 0, 9, 36, 3, 1, 0),
(29, '1', 0, 0, 0, 13, 36, 3, 1, 35),
(30, '2', 0, 0, 0, 3, 36, 3, 1, 0),
(31, '3', 0, 0, 0, 1, 36, 3, 1, 28),
(32, '3', 0, 0, 0, 3, 36, 3, 1, 0),
(33, '3', 0, 0, 0, 13, 36, 3, 1, 25),
(34, '3', 0, 0, 0, 30, 36, 3, 1, 31),
(35, '3', 0, 0, 0, 33, 36, 3, 1, 33),
(36, '3', 0, 0, 0, 36, 36, 3, 1, 36),
(37, '11', 0, 0, 0, 30, 36, 3, 1, 36),
(38, '11', 0, 0, 0, 31, 36, 3, 1, 37),
(39, '23', 0, 0, 0, 1, 36, 3, 1, 37),
(40, '23', 0, 0, 0, 4, 36, 3, 1, 33),
(41, '23', 0, 0, 0, 13, 36, 3, 1, 34),
(42, '23', 0, 0, 0, 33, 36, 3, 1, 39),
(43, '24', 0, 0, 0, 30, 36, 3, 1, 33),
(44, '24', 0, 0, 0, 36, 36, 3, 1, 35),
(45, '14', 0, 0, 0, 3, 36, 3, 2, 0),
(46, '14', 0, 0, 0, 9, 36, 3, 2, 0),
(47, '12', 0, 0, 0, 3, 36, 3, 2, 0),
(48, '12', 0, 0, 0, 9, 36, 3, 2, 0),
(49, '12', 0, 0, 0, 30, 36, 3, 2, 36),
(50, '13', 0, 0, 0, 3, 36, 3, 2, 0),
(51, '13', 0, 0, 0, 9, 36, 3, 2, 0),
(52, '19', 0, 0, 0, 3, 36, 3, 2, 0),
(53, '19', 0, 0, 0, 9, 36, 3, 2, 0),
(54, '20', 0, 0, 0, 3, 36, 3, 2, 0),
(55, '20', 0, 0, 0, 9, 36, 3, 2, 0),
(56, '20', 0, 0, 0, 30, 36, 3, 2, 31),
(57, '20', 0, 0, 0, 36, 36, 3, 2, 30),
(58, '21', 0, 0, 0, 3, 36, 3, 2, 0),
(59, '21', 0, 0, 0, 9, 36, 3, 2, 0),
(60, '16', 0, 0, 0, 1, 36, 3, 2, 34),
(61, '16', 0, 0, 0, 3, 36, 3, 2, 0),
(62, '16', 0, 0, 0, 8, 36, 3, 2, 36),
(63, '16', 0, 0, 0, 9, 36, 3, 2, 0),
(64, '16', 0, 0, 0, 13, 36, 3, 2, 36),
(65, '16', 0, 0, 0, 14, 36, 3, 2, 35),
(66, '16', 0, 0, 0, 16, 36, 3, 2, 30),
(67, '16', 0, 0, 0, 30, 36, 3, 2, 35),
(68, '17', 0, 0, 0, 3, 36, 3, 2, 0),
(69, '17', 0, 0, 0, 9, 36, 3, 2, 0),
(70, '18', 0, 0, 0, 3, 36, 3, 2, 0),
(71, '18', 0, 0, 0, 9, 36, 3, 2, 0),
(72, '18', 0, 0, 0, 28, 36, 3, 2, 22),
(73, '18', 0, 0, 0, 30, 36, 3, 2, 34),
(74, '15', 0, 0, 0, 3, 36, 3, 2, 0),
(75, '15', 0, 0, 0, 9, 36, 3, 2, 0),
(76, '22', 0, 0, 0, 3, 36, 3, 2, 0),
(77, '22', 0, 0, 0, 9, 36, 3, 2, 0),
(78, '22', 0, 0, 0, 30, 36, 3, 2, 37),
(79, '46', 0, 0, 0, 3, 36, 3, 2, 0),
(80, '46', 0, 0, 0, 9, 36, 3, 2, 0),
(81, '46', 0, 0, 0, 10, 36, 3, 2, 33),
(82, '46', 0, 0, 0, 13, 36, 3, 2, 30),
(83, '46', 0, 0, 0, 16, 36, 3, 2, 30),
(84, '46', 0, 0, 0, 30, 36, 3, 2, 32);

-- --------------------------------------------------------

--
-- Table structure for table `course`
--

CREATE TABLE `course` (
  `id` int(11) NOT NULL,
  `course_code` varchar(10) NOT NULL,
  `course_name` varchar(100) NOT NULL,
  `credit_unit` int(11) NOT NULL,
  `level_id` int(11) NOT NULL,
  `semester_id` int(11) NOT NULL,
  `status` int(11) NOT NULL
) ENGINE=InnoDB DEFAULT CHARSET=utf8mb4;

--
-- Dumping data for table `course`
--

INSERT INTO `course` (`id`, `course_code`, `course_name`, `credit_unit`, `level_id`, `semester_id`, `status`) VALUES
(1, 'AEX 3201', 'Social Change and Rural Development', 2, 3, 1, 1),
(2, 'AEX 3203', 'Participatory Agricultural Extension', 2, 3, 1, 0),
(3, 'AEX 3205', 'Systems Thinking for Changing Agriculture', 2, 3, 1, 0),
(4, 'AEC 3201', 'Agricultural Production Economics', 2, 3, 1, 0),
(5, 'AEC 3203', 'Farm Business Management', 2, 3, 1, 0),
(6, 'AGX 3201', 'Principles of Plant Breeding', 2, 3, 1, 0),
(7, 'AGX 3203', 'Physiology of Crop Growth', 2, 3, 1, 0),
(8, 'AGX 3205', 'Introduction to Soil & Water Conservation', 2, 3, 1, 0),
(9, 'ANX 3201', 'Non-Ruminant Animal Production', 2, 3, 1, 0),
(10, 'ANX 3203', 'Feed Resource and Feeding Principles', 2, 3, 1, 0),
(11, 'GSP 2202', 'Nigerian Government and Economy', 2, 3, 0, 0),
(12, 'AEX 3202', 'Communication & Teaching Methods in Extension', 2, 3, 2, 0),
(13, 'AEX 3204', 'Research Methods', 2, 3, 2, 0),
(14, 'AEC 3204', 'Agricultural Entrepreneurship', 2, 3, 2, 0),
(15, 'ANX 3202', 'Ruminant  Animal Production ', 2, 3, 2, 0),
(16, 'AGX 3202', 'Plantation Crop Production', 2, 3, 2, 0),
(17, 'AGX 3204', 'Arable crop production', 2, 3, 2, 0),
(18, 'AGX 3206', 'Crop Protection', 2, 3, 2, 0),
(19, 'AGA 3201', 'Introduction to Computer and Information Management', 2, 3, 2, 0),
(20, 'AGA 3202', 'Value Addition on Agricultural Products', 2, 3, 2, 0),
(21, 'AGE 3201', 'Introduction to Agricultural Engineering', 2, 3, 2, 0),
(22, 'GSP 2204', 'Foundation of Nigerian Culture, Government and Economy', 2, 3, 2, 0),
(23, 'GSP 2222', 'Peace and Conflict', 2, 3, 1, 0),
(24, 'GSP 2201', 'Use of English', 2, 3, 1, 0),
(25, 'AEX 4201', 'Planning of Supervised Experienced Projects', 2, 3, 0, 0),
(26, 'AEX 4203', 'Principles of Cooperative Practices', 2, 4, 1, 0),
(27, 'AEX 4205', 'Management of Extension Organizations', 2, 4, 1, 0),
(28, 'AEX 4207', 'Development of Agricultural Extension Training Materials', 2, 4, 1, 0),
(29, 'AEX 4209', 'Current Issues in Agricultural Extension & Technology', 2, 4, 1, 0),
(30, 'AEC 4201', 'Agricultural Marketing and Prices', 2, 4, 1, 0),
(31, 'AEC 4203', 'Agricultural Policy and Development Planning', 2, 4, 1, 0),
(32, 'ANX 4201', 'Introduction to Fisheries and Wild Life', 2, 4, 1, 0),
(33, 'AGX 4201', 'Horticultural Crop Production', 2, 4, 1, 0),
(34, 'AGX 4203', 'Soil and Crop Nutrition ', 2, 4, 1, 0),
(35, 'AGX 4205', 'Farming Systems and Agro-forestry', 2, 4, 1, 0),
(36, 'AGE 4201', 'Introduction to Agricultural Mechanization', 2, 4, 1, 0),
(37, 'AGNX 4702', 'Conduct and Supervision of SEPs', 7, 4, 2, 0),
(38, 'AEX 5201', 'Programme Planning and Evaluation', 2, 5, 1, 0),
(39, 'AEX 5203', 'Gender and Youth Issues in Agricultural Extension', 2, 5, 1, 0),
(40, 'AEX 5405', 'Project', 4, 5, 1, 0),
(41, 'AGX 5201', 'Harvest and Post harvest Technology', 2, 5, 1, 0),
(42, 'AGX 5203', 'Irrigation and Drainage', 2, 5, 1, 0),
(43, 'AGX 5205', 'Seed Production Technology', 2, 5, 1, 0),
(44, 'AGX 5207', 'Pesticides and their Application', 2, 5, 1, 0),
(45, 'AGX 5209', 'Soil Water and Plant Analyses ', 2, 5, 1, 0),
(46, 'EEP 3201', 'Enterpreneurship and Innovation', 2, 0, 0, 0),
(47, 'GSP 2206', 'Peace Studies and Conflict Resolution', 2, 3, 0, 0),
(48, 'EEP 4201', 'Venture Creation and Growth', 2, 4, 1, 0),
(49, 'GSP 2202', 'Use of Library, Study Skills and ICT', 2, 3, 1, 1),
(50, 'GSP 2205', 'Logic and Philosophy', 2, 3, 2, 1),
(51, 'ANX3201', 'Animal Ruminant', 2, 0, 1, 0),
(52, 'ANX3201', 'Animal Ruminant', 2, 0, 1, 0),
(53, 'ANX3201', 'Animal Ruminant', 2, 1, 1, 0),
(54, 'ANX3201', 'Animal Ruminant', 2, 1, 1, 0),
(55, 'ANX3201', 'Animal Ruminant', 2, 1, 1, 0),
(56, 'ANX3202', 'Animal Rearing', 2, 3, 2, 1);

-- --------------------------------------------------------

--
-- Table structure for table `course_of_study`
--

CREATE TABLE `course_of_study` (
  `id` int(11) NOT NULL,
  `course_name` varchar(100) NOT NULL,
  `status` int(11) NOT NULL
) ENGINE=InnoDB DEFAULT CHARSET=utf8mb4;

--
-- Dumping data for table `course_of_study`
--

INSERT INTO `course_of_study` (`id`, `course_name`, `status`) VALUES
(1, 'B. Sc. Agronomy', 1),
(2, 'B. Sc. Crop Protection', 1),
(3, 'B. Sc. Agricultural Econnomics ', 1),
(4, 'B. Sc. Agricultural Extension', 1),
(5, 'History', 1);

-- --------------------------------------------------------

--
-- Table structure for table `department`
--

CREATE TABLE `department` (
  `id` int(11) NOT NULL,
  `department_name` varchar(100) NOT NULL,
  `faculty_id` int(11) NOT NULL,
  `status` int(11) NOT NULL
) ENGINE=InnoDB DEFAULT CHARSET=utf8mb4;

--
-- Dumping data for table `department`
--

INSERT INTO `department` (`id`, `department_name`, `faculty_id`, `status`) VALUES
(1, 'Agronomy', 1, 1),
(2, 'Agricultural Economics and Extension', 1, 1),
(3, 'Animal Science', 1, 1),
(4, 'Crop Protection', 1, 1),
(5, 'Forestry', 1, 1),
(6, 'Fishery', 1, 1);

-- --------------------------------------------------------

--
-- Table structure for table `employee`
--

CREATE TABLE `employee` (
  `id` int(11) NOT NULL,
  `employee_name` varchar(50) NOT NULL,
  `employee_salary` int(11) NOT NULL
) ENGINE=InnoDB DEFAULT CHARSET=utf8mb4;

--
-- Dumping data for table `employee`
--

INSERT INTO `employee` (`id`, `employee_name`, `employee_salary`) VALUES
(2, 'Smith', 170750),
(3, 'Jhon', 86000),
(6, 'Andy', 372000),
(7, 'Flower', 137500),
(8, 'Steve', 327900),
(9, 'William', 205500),
(10, 'Dany', 103600),
(11, 'Dove', 120000),
(12, 'Kim', 14000),
(13, 'Frost', 20000);

-- --------------------------------------------------------

--
-- Table structure for table `exams`
--

CREATE TABLE `exams` (
  `id` int(11) NOT NULL,
  `course_id` varchar(8) NOT NULL,
  `score` int(11) NOT NULL,
  `department_id` int(11) NOT NULL,
  `faculty_id` int(11) NOT NULL,
  `stud_id` int(11) NOT NULL,
  `session_id` int(11) NOT NULL,
  `level_id` int(11) NOT NULL,
  `semester_id` int(11) NOT NULL,
  `examtype_id` int(11) NOT NULL
) ENGINE=InnoDB DEFAULT CHARSET=utf8mb4;

--
-- Dumping data for table `exams`
--

INSERT INTO `exams` (`id`, `course_id`, `score`, `department_id`, `faculty_id`, `stud_id`, `session_id`, `level_id`, `semester_id`, `examtype_id`) VALUES
(1, '9', 54, 0, 0, 1, 36, 3, 1, 1),
(2, '9', 82, 0, 0, 2, 36, 3, 1, 1),
(3, '9', 0, 0, 0, 3, 36, 3, 1, 1),
(4, '9', 62, 0, 0, 4, 36, 3, 1, 1),
(5, '9', 77, 0, 0, 5, 36, 3, 1, 1),
(6, '9', 75, 0, 0, 6, 36, 3, 1, 1),
(7, '9', 52, 0, 0, 7, 36, 3, 1, 1),
(8, '9', 36, 0, 0, 8, 36, 3, 1, 1),
(9, '9', 0, 0, 0, 9, 36, 3, 1, 1),
(10, '9', 63, 0, 0, 10, 36, 3, 1, 1),
(11, '9', 68, 0, 0, 11, 36, 3, 1, 1),
(12, '9', 77, 0, 0, 12, 36, 3, 1, 1),
(13, '9', 40, 0, 0, 13, 36, 3, 1, 1),
(14, '9', 53, 0, 0, 14, 36, 3, 1, 1),
(15, '9', 77, 0, 0, 15, 36, 3, 1, 1),
(16, '9', 62, 0, 0, 16, 36, 3, 1, 1),
(17, '9', 73, 0, 0, 17, 36, 3, 1, 1),
(18, '9', 60, 0, 0, 18, 36, 3, 1, 1),
(19, '9', 55, 0, 0, 19, 36, 3, 1, 1),
(20, '9', 72, 0, 0, 20, 36, 3, 1, 1),
(21, '9', 58, 0, 0, 21, 36, 3, 1, 1),
(22, '9', 62, 0, 0, 22, 36, 3, 1, 1),
(23, '9', 72, 0, 0, 23, 36, 3, 1, 1),
(24, '9', 75, 0, 0, 24, 36, 3, 1, 1),
(25, '9', 81, 0, 0, 25, 36, 3, 1, 1),
(26, '9', 51, 0, 0, 26, 36, 3, 1, 1),
(27, '9', 81, 0, 0, 27, 36, 3, 1, 1),
(28, '9', 78, 0, 0, 28, 36, 3, 1, 1),
(29, '9', 65, 0, 0, 29, 36, 3, 1, 1),
(30, '9', 42, 0, 0, 30, 36, 3, 1, 1),
(31, '9', 43, 0, 0, 31, 36, 3, 1, 1),
(32, '9', 87, 0, 0, 32, 36, 3, 1, 1),
(33, '9', 75, 0, 0, 33, 36, 3, 1, 1),
(34, '9', 67, 0, 0, 34, 36, 3, 1, 1),
(35, '9', 58, 0, 0, 35, 36, 3, 1, 1),
(36, '9', 46, 0, 0, 36, 36, 3, 1, 1),
(37, '10', 50, 0, 0, 1, 36, 3, 1, 1),
(38, '10', 81, 0, 0, 2, 36, 3, 1, 1),
(39, '10', 0, 0, 0, 3, 36, 3, 1, 1),
(40, '10', 46, 0, 0, 4, 36, 3, 1, 1),
(41, '10', 75, 0, 0, 5, 36, 3, 1, 1),
(42, '10', 55, 0, 0, 6, 36, 3, 1, 1),
(43, '10', 46, 0, 0, 7, 36, 3, 1, 1),
(44, '10', 49, 0, 0, 8, 36, 3, 1, 1),
(45, '10', 0, 0, 0, 9, 36, 3, 1, 1),
(46, '10', 45, 0, 0, 10, 36, 3, 1, 1),
(47, '10', 53, 0, 0, 11, 36, 3, 1, 1),
(48, '10', 69, 0, 0, 12, 36, 3, 1, 1),
(49, '10', 48, 0, 0, 13, 36, 3, 1, 1),
(50, '10', 67, 0, 0, 14, 36, 3, 1, 1),
(51, '10', 59, 0, 0, 15, 36, 3, 1, 1),
(52, '10', 45, 0, 0, 16, 36, 3, 1, 1),
(53, '10', 61, 0, 0, 17, 36, 3, 1, 1),
(54, '10', 49, 0, 0, 18, 36, 3, 1, 1),
(55, '10', 52, 0, 0, 19, 36, 3, 1, 1),
(56, '10', 73, 0, 0, 20, 36, 3, 1, 1),
(57, '10', 66, 0, 0, 21, 36, 3, 1, 1),
(58, '10', 63, 0, 0, 22, 36, 3, 1, 1),
(59, '10', 60, 0, 0, 23, 36, 3, 1, 1),
(60, '10', 56, 0, 0, 24, 36, 3, 1, 1),
(61, '10', 75, 0, 0, 25, 36, 3, 1, 1),
(62, '10', 45, 0, 0, 26, 36, 3, 1, 1),
(63, '10', 74, 0, 0, 27, 36, 3, 1, 1),
(64, '10', 65, 0, 0, 28, 36, 3, 1, 1),
(65, '10', 55, 0, 0, 29, 36, 3, 1, 1),
(66, '10', 42, 0, 0, 30, 36, 3, 1, 1),
(67, '10', 47, 0, 0, 31, 36, 3, 1, 1),
(68, '10', 78, 0, 0, 32, 36, 3, 1, 1),
(69, '10', 57, 0, 0, 33, 36, 3, 1, 1),
(70, '10', 56, 0, 0, 34, 36, 3, 1, 1),
(71, '10', 69, 0, 0, 35, 36, 3, 1, 1),
(72, '10', 52, 0, 0, 36, 36, 3, 1, 1),
(73, '6', 47, 0, 0, 1, 36, 3, 1, 1),
(74, '6', 68, 0, 0, 2, 36, 3, 1, 1),
(75, '6', 0, 0, 0, 3, 36, 3, 1, 1),
(76, '6', 43, 0, 0, 4, 36, 3, 1, 1),
(77, '6', 62, 0, 0, 5, 36, 3, 1, 1),
(78, '6', 55, 0, 0, 6, 36, 3, 1, 1),
(79, '6', 40, 0, 0, 7, 36, 3, 1, 1),
(80, '6', 55, 0, 0, 8, 36, 3, 1, 1),
(81, '6', 28, 0, 0, 9, 36, 3, 1, 1),
(82, '6', 46, 0, 0, 10, 36, 3, 1, 1),
(83, '6', 45, 0, 0, 11, 36, 3, 1, 1),
(84, '6', 62, 0, 0, 12, 36, 3, 1, 1),
(85, '6', 40, 0, 0, 13, 36, 3, 1, 1),
(86, '6', 43, 0, 0, 14, 36, 3, 1, 1),
(87, '6', 52, 0, 0, 15, 36, 3, 1, 1),
(88, '6', 52, 0, 0, 16, 36, 3, 1, 1),
(89, '6', 43, 0, 0, 17, 36, 3, 1, 1),
(90, '6', 40, 0, 0, 18, 36, 3, 1, 1),
(91, '6', 58, 0, 0, 19, 36, 3, 1, 1),
(92, '6', 66, 0, 0, 20, 36, 3, 1, 1),
(93, '6', 68, 0, 0, 21, 36, 3, 1, 1),
(94, '6', 59, 0, 0, 22, 36, 3, 1, 1),
(95, '6', 64, 0, 0, 23, 36, 3, 1, 1),
(96, '6', 62, 0, 0, 24, 36, 3, 1, 1),
(97, '6', 75, 0, 0, 25, 36, 3, 1, 1),
(98, '6', 41, 0, 0, 26, 36, 3, 1, 1),
(99, '6', 75, 0, 0, 27, 36, 3, 1, 1),
(100, '6', 66, 0, 0, 28, 36, 3, 1, 1),
(101, '6', 65, 0, 0, 29, 36, 3, 1, 1),
(102, '6', 31, 0, 0, 30, 36, 3, 1, 1),
(103, '6', 45, 0, 0, 31, 36, 3, 1, 1),
(104, '6', 78, 0, 0, 32, 36, 3, 1, 1),
(105, '6', 43, 0, 0, 33, 36, 3, 1, 1),
(106, '6', 52, 0, 0, 34, 36, 3, 1, 1),
(107, '6', 63, 0, 0, 35, 36, 3, 1, 1),
(108, '6', 43, 0, 0, 36, 36, 3, 1, 1),
(109, '7', 42, 0, 0, 1, 36, 3, 1, 1),
(110, '7', 61, 0, 0, 2, 36, 3, 1, 1),
(111, '7', 0, 0, 0, 3, 36, 3, 1, 1),
(112, '7', 40, 0, 0, 4, 36, 3, 1, 1),
(113, '7', 67, 0, 0, 5, 36, 3, 1, 1),
(114, '7', 48, 0, 0, 6, 36, 3, 1, 1),
(115, '7', 40, 0, 0, 7, 36, 3, 1, 1),
(116, '7', 56, 0, 0, 8, 36, 3, 1, 1),
(117, '7', 18, 0, 0, 9, 36, 3, 1, 1),
(118, '7', 45, 0, 0, 10, 36, 3, 1, 1),
(119, '7', 48, 0, 0, 11, 36, 3, 1, 1),
(120, '7', 50, 0, 0, 12, 36, 3, 1, 1),
(121, '7', 40, 0, 0, 13, 36, 3, 1, 1),
(122, '7', 46, 0, 0, 14, 36, 3, 1, 1),
(123, '7', 54, 0, 0, 15, 36, 3, 1, 1),
(124, '7', 46, 0, 0, 16, 36, 3, 1, 1),
(125, '7', 48, 0, 0, 17, 36, 3, 1, 1),
(126, '7', 48, 0, 0, 18, 36, 3, 1, 1),
(127, '7', 45, 0, 0, 19, 36, 3, 1, 1),
(128, '7', 62, 0, 0, 20, 36, 3, 1, 1),
(129, '7', 56, 0, 0, 21, 36, 3, 1, 1),
(130, '7', 47, 0, 0, 22, 36, 3, 1, 1),
(131, '7', 55, 0, 0, 23, 36, 3, 1, 1),
(132, '7', 50, 0, 0, 24, 36, 3, 1, 1),
(133, '7', 70, 0, 0, 25, 36, 3, 1, 1),
(134, '7', 31, 0, 0, 26, 36, 3, 1, 1),
(135, '7', 66, 0, 0, 27, 36, 3, 1, 1),
(136, '7', 65, 0, 0, 28, 36, 3, 1, 1),
(137, '7', 49, 0, 0, 29, 36, 3, 1, 1),
(138, '7', 27, 0, 0, 30, 36, 3, 1, 1),
(139, '7', 40, 0, 0, 31, 36, 3, 1, 1),
(140, '7', 75, 0, 0, 32, 36, 3, 1, 1),
(141, '7', 50, 0, 0, 33, 36, 3, 1, 1),
(142, '7', 53, 0, 0, 34, 36, 3, 1, 1),
(143, '7', 57, 0, 0, 35, 36, 3, 1, 1),
(144, '7', 40, 0, 0, 36, 36, 3, 1, 1),
(145, '8', 40, 0, 0, 1, 36, 3, 1, 1),
(146, '8', 78, 0, 0, 2, 36, 3, 1, 1),
(147, '8', 0, 0, 0, 3, 36, 3, 1, 1),
(148, '8', 53, 0, 0, 4, 36, 3, 1, 1),
(149, '8', 69, 0, 0, 5, 36, 3, 1, 1),
(150, '8', 58, 0, 0, 6, 36, 3, 1, 1),
(151, '8', 62, 0, 0, 7, 36, 3, 1, 1),
(152, '8', 40, 0, 0, 8, 36, 3, 1, 1),
(153, '8', 0, 0, 0, 9, 36, 3, 1, 1),
(154, '8', 47, 0, 0, 10, 36, 3, 1, 1),
(155, '8', 67, 0, 0, 11, 36, 3, 1, 1),
(156, '8', 74, 0, 0, 12, 36, 3, 1, 1),
(157, '8', 49, 0, 0, 13, 36, 3, 1, 1),
(158, '8', 49, 0, 0, 14, 36, 3, 1, 1),
(159, '8', 54, 0, 0, 15, 36, 3, 1, 1),
(160, '8', 32, 0, 0, 16, 36, 3, 1, 1),
(161, '8', 53, 0, 0, 17, 36, 3, 1, 1),
(162, '8', 40, 0, 0, 18, 36, 3, 1, 1),
(163, '8', 59, 0, 0, 19, 36, 3, 1, 1),
(164, '8', 73, 0, 0, 20, 36, 3, 1, 1),
(165, '8', 66, 0, 0, 21, 36, 3, 1, 1),
(166, '8', 51, 0, 0, 22, 36, 3, 1, 1),
(167, '8', 74, 0, 0, 23, 36, 3, 1, 1),
(168, '8', 66, 0, 0, 24, 36, 3, 1, 1),
(169, '8', 67, 0, 0, 25, 36, 3, 1, 1),
(170, '8', 49, 0, 0, 26, 36, 3, 1, 1),
(171, '8', 62, 0, 0, 27, 36, 3, 1, 1),
(172, '8', 52, 0, 0, 28, 36, 3, 1, 1),
(173, '8', 46, 0, 0, 29, 36, 3, 1, 1),
(174, '8', 23, 0, 0, 30, 36, 3, 1, 1),
(175, '8', 40, 0, 0, 31, 36, 3, 1, 1),
(176, '8', 87, 0, 0, 32, 36, 3, 1, 1),
(177, '8', 47, 0, 0, 33, 36, 3, 1, 1),
(178, '8', 59, 0, 0, 34, 36, 3, 1, 1),
(179, '8', 62, 0, 0, 35, 36, 3, 1, 1),
(180, '8', 34, 0, 0, 36, 36, 3, 1, 1),
(181, '4', 47, 0, 0, 1, 36, 3, 1, 1),
(182, '4', 50, 0, 0, 2, 36, 3, 1, 1),
(183, '4', 0, 0, 0, 3, 36, 3, 1, 1),
(184, '4', 50, 0, 0, 4, 36, 3, 1, 1),
(185, '4', 60, 0, 0, 5, 36, 3, 1, 1),
(186, '4', 40, 0, 0, 6, 36, 3, 1, 1),
(187, '4', 41, 0, 0, 7, 36, 3, 1, 1),
(188, '4', 45, 0, 0, 8, 36, 3, 1, 1),
(189, '4', 0, 0, 0, 9, 36, 3, 1, 1),
(190, '4', 32, 0, 0, 10, 36, 3, 1, 1),
(191, '4', 41, 0, 0, 11, 36, 3, 1, 1),
(192, '4', 60, 0, 0, 12, 36, 3, 1, 1),
(193, '4', 31, 0, 0, 13, 36, 3, 1, 1),
(194, '4', 43, 0, 0, 14, 36, 3, 1, 1),
(195, '4', 50, 0, 0, 15, 36, 3, 1, 1),
(196, '4', 33, 0, 0, 16, 36, 3, 1, 1),
(197, '4', 41, 0, 0, 17, 36, 3, 1, 1),
(198, '4', 41, 0, 0, 18, 36, 3, 1, 1),
(199, '4', 48, 0, 0, 19, 36, 3, 1, 1),
(200, '4', 63, 0, 0, 20, 36, 3, 1, 1),
(201, '4', 46, 0, 0, 21, 36, 3, 1, 1),
(202, '4', 44, 0, 0, 22, 36, 3, 1, 1),
(203, '4', 43, 0, 0, 23, 36, 3, 1, 1),
(204, '4', 41, 0, 0, 24, 36, 3, 1, 1),
(205, '4', 62, 0, 0, 25, 36, 3, 1, 1),
(206, '4', 41, 0, 0, 26, 36, 3, 1, 1),
(207, '4', 41, 0, 0, 27, 36, 3, 1, 1),
(208, '4', 53, 0, 0, 28, 36, 3, 1, 1),
(209, '4', 45, 0, 0, 29, 36, 3, 1, 1),
(210, '4', 26, 0, 0, 30, 36, 3, 1, 1),
(211, '4', 40, 0, 0, 31, 36, 3, 1, 1),
(212, '4', 77, 0, 0, 32, 36, 3, 1, 1),
(213, '4', 46, 0, 0, 33, 36, 3, 1, 1),
(214, '4', 46, 0, 0, 34, 36, 3, 1, 1),
(215, '4', 48, 0, 0, 35, 36, 3, 1, 1),
(216, '4', 41, 0, 0, 36, 36, 3, 1, 1),
(217, '5', 41, 0, 0, 1, 36, 3, 1, 1),
(218, '5', 67, 0, 0, 2, 36, 3, 1, 1),
(219, '5', 0, 0, 0, 3, 36, 3, 1, 1),
(220, '5', 54, 0, 0, 4, 36, 3, 1, 1),
(221, '5', 67, 0, 0, 5, 36, 3, 1, 1),
(222, '5', 51, 0, 0, 6, 36, 3, 1, 1),
(223, '5', 47, 0, 0, 7, 36, 3, 1, 1),
(224, '5', 56, 0, 0, 8, 36, 3, 1, 1),
(225, '5', 57, 0, 0, 9, 36, 3, 1, 1),
(226, '5', 43, 0, 0, 10, 36, 3, 1, 1),
(227, '5', 50, 0, 0, 11, 36, 3, 1, 1),
(228, '5', 62, 0, 0, 12, 36, 3, 1, 1),
(229, '5', 34, 0, 0, 13, 36, 3, 1, 1),
(230, '5', 51, 0, 0, 14, 36, 3, 1, 1),
(231, '5', 58, 0, 0, 15, 36, 3, 1, 1),
(232, '5', 35, 0, 0, 16, 36, 3, 1, 1),
(233, '5', 56, 0, 0, 17, 36, 3, 1, 1),
(234, '5', 56, 0, 0, 18, 36, 3, 1, 1),
(235, '5', 52, 0, 0, 19, 36, 3, 1, 1),
(236, '5', 62, 0, 0, 20, 36, 3, 1, 1),
(237, '5', 54, 0, 0, 21, 36, 3, 1, 1),
(238, '5', 63, 0, 0, 22, 36, 3, 1, 1),
(239, '5', 56, 0, 0, 23, 36, 3, 1, 1),
(240, '5', 62, 0, 0, 24, 36, 3, 1, 1),
(241, '5', 65, 0, 0, 25, 36, 3, 1, 1),
(242, '5', 50, 0, 0, 26, 36, 3, 1, 1),
(243, '5', 67, 0, 0, 27, 36, 3, 1, 1),
(244, '5', 71, 0, 0, 28, 36, 3, 1, 1),
(245, '5', 58, 0, 0, 29, 36, 3, 1, 1),
(246, '5', 48, 0, 0, 30, 36, 3, 1, 1),
(247, '5', 42, 0, 0, 31, 36, 3, 1, 1),
(248, '5', 79, 0, 0, 32, 36, 3, 1, 1),
(249, '5', 48, 0, 0, 33, 36, 3, 1, 1),
(250, '5', 58, 0, 0, 34, 36, 3, 1, 1),
(251, '5', 64, 0, 0, 35, 36, 3, 1, 1),
(252, '5', 46, 0, 0, 36, 36, 3, 1, 1),
(253, '1', 45, 0, 0, 1, 36, 3, 1, 1),
(254, '1', 74, 0, 0, 2, 36, 3, 1, 1),
(255, '1', 0, 0, 0, 3, 36, 3, 1, 1),
(256, '1', 50, 0, 0, 4, 36, 3, 1, 1),
(257, '1', 76, 0, 0, 5, 36, 3, 1, 1),
(258, '1', 60, 0, 0, 6, 36, 3, 1, 1),
(259, '1', 48, 0, 0, 7, 36, 3, 1, 1),
(260, '1', 69, 0, 0, 8, 36, 3, 1, 1),
(261, '1', 0, 0, 0, 9, 36, 3, 1, 1),
(262, '1', 47, 0, 0, 10, 36, 3, 1, 1),
(263, '1', 55, 0, 0, 11, 36, 3, 1, 1),
(264, '1', 86, 0, 0, 12, 36, 3, 1, 1),
(265, '1', 35, 0, 0, 13, 36, 3, 1, 1),
(266, '1', 42, 0, 0, 14, 36, 3, 1, 1),
(267, '1', 53, 0, 0, 15, 36, 3, 1, 1),
(268, '1', 45, 0, 0, 16, 36, 3, 1, 1),
(269, '1', 55, 0, 0, 17, 36, 3, 1, 1),
(270, '1', 60, 0, 0, 18, 36, 3, 1, 1),
(271, '1', 60, 0, 0, 19, 36, 3, 1, 1),
(272, '1', 84, 0, 0, 20, 36, 3, 1, 1),
(273, '1', 70, 0, 0, 21, 36, 3, 1, 1),
(274, '1', 63, 0, 0, 22, 36, 3, 1, 1),
(275, '1', 69, 0, 0, 23, 36, 3, 1, 1),
(276, '1', 79, 0, 0, 24, 36, 3, 1, 1),
(277, '1', 77, 0, 0, 25, 36, 3, 1, 1),
(278, '1', 42, 0, 0, 26, 36, 3, 1, 1),
(279, '1', 76, 0, 0, 27, 36, 3, 1, 1),
(280, '1', 70, 0, 0, 28, 36, 3, 1, 1),
(281, '1', 54, 0, 0, 29, 36, 3, 1, 1),
(282, '1', 48, 0, 0, 30, 36, 3, 1, 1),
(283, '1', 51, 0, 0, 31, 36, 3, 1, 1),
(284, '1', 80, 0, 0, 32, 36, 3, 1, 1),
(285, '1', 41, 0, 0, 33, 36, 3, 1, 1),
(286, '1', 52, 0, 0, 34, 36, 3, 1, 1),
(287, '1', 75, 0, 0, 35, 36, 3, 1, 1),
(288, '1', 47, 0, 0, 36, 36, 3, 1, 1),
(289, '2', 51, 0, 0, 1, 36, 3, 1, 1),
(290, '2', 63, 0, 0, 2, 36, 3, 1, 1),
(291, '2', 0, 0, 0, 3, 36, 3, 1, 1),
(292, '2', 54, 0, 0, 4, 36, 3, 1, 1),
(293, '2', 61, 0, 0, 5, 36, 3, 1, 1),
(294, '2', 51, 0, 0, 6, 36, 3, 1, 1),
(295, '2', 52, 0, 0, 7, 36, 3, 1, 1),
(296, '2', 49, 0, 0, 8, 36, 3, 1, 1),
(297, '2', 54, 0, 0, 9, 36, 3, 1, 1),
(298, '2', 63, 0, 0, 10, 36, 3, 1, 1),
(299, '2', 55, 0, 0, 11, 36, 3, 1, 1),
(300, '2', 57, 0, 0, 12, 36, 3, 1, 1),
(301, '2', 46, 0, 0, 13, 36, 3, 1, 1),
(302, '2', 52, 0, 0, 14, 36, 3, 1, 1),
(303, '2', 57, 0, 0, 15, 36, 3, 1, 1),
(304, '2', 50, 0, 0, 16, 36, 3, 1, 1),
(305, '2', 62, 0, 0, 17, 36, 3, 1, 1),
(306, '2', 45, 0, 0, 18, 36, 3, 1, 1),
(307, '2', 54, 0, 0, 19, 36, 3, 1, 1),
(308, '2', 63, 0, 0, 20, 36, 3, 1, 1),
(309, '2', 51, 0, 0, 21, 36, 3, 1, 1),
(310, '2', 46, 0, 0, 22, 36, 3, 1, 1),
(311, '2', 59, 0, 0, 23, 36, 3, 1, 1),
(312, '2', 56, 0, 0, 24, 36, 3, 1, 1),
(313, '2', 66, 0, 0, 25, 36, 3, 1, 1),
(314, '2', 40, 0, 0, 26, 36, 3, 1, 1),
(315, '2', 61, 0, 0, 27, 36, 3, 1, 1),
(316, '2', 58, 0, 0, 28, 36, 3, 1, 1),
(317, '2', 52, 0, 0, 29, 36, 3, 1, 1),
(318, '2', 40, 0, 0, 30, 36, 3, 1, 1),
(319, '2', 42, 0, 0, 31, 36, 3, 1, 1),
(320, '2', 63, 0, 0, 32, 36, 3, 1, 1),
(321, '2', 60, 0, 0, 33, 36, 3, 1, 1),
(322, '2', 55, 0, 0, 34, 36, 3, 1, 1),
(323, '2', 55, 0, 0, 35, 36, 3, 1, 1),
(324, '2', 44, 0, 0, 36, 36, 3, 1, 1),
(325, '3', 28, 0, 0, 1, 36, 3, 1, 1),
(326, '3', 55, 0, 0, 2, 36, 3, 1, 1),
(327, '3', 0, 0, 0, 3, 36, 3, 1, 1),
(328, '3', 40, 0, 0, 4, 36, 3, 1, 1),
(329, '3', 60, 0, 0, 5, 36, 3, 1, 1),
(330, '3', 47, 0, 0, 6, 36, 3, 1, 1),
(331, '3', 46, 0, 0, 7, 36, 3, 1, 1),
(332, '3', 46, 0, 0, 8, 36, 3, 1, 1),
(333, '3', 60, 0, 0, 9, 36, 3, 1, 1),
(334, '3', 40, 0, 0, 10, 36, 3, 1, 1),
(335, '3', 42, 0, 0, 11, 36, 3, 1, 1),
(336, '3', 74, 0, 0, 12, 36, 3, 1, 1),
(337, '3', 25, 0, 0, 13, 36, 3, 1, 1),
(338, '3', 40, 0, 0, 14, 36, 3, 1, 1),
(339, '3', 42, 0, 0, 15, 36, 3, 1, 1),
(340, '3', 40, 0, 0, 16, 36, 3, 1, 1),
(341, '3', 41, 0, 0, 17, 36, 3, 1, 1),
(342, '3', 42, 0, 0, 18, 36, 3, 1, 1),
(343, '3', 53, 0, 0, 19, 36, 3, 1, 1),
(344, '3', 60, 0, 0, 20, 36, 3, 1, 1),
(345, '3', 62, 0, 0, 21, 36, 3, 1, 1),
(346, '3', 61, 0, 0, 22, 36, 3, 1, 1),
(347, '3', 62, 0, 0, 23, 36, 3, 1, 1),
(348, '3', 54, 0, 0, 24, 36, 3, 1, 1),
(349, '3', 61, 0, 0, 25, 36, 3, 1, 1),
(350, '3', 40, 0, 0, 26, 36, 3, 1, 1),
(351, '3', 75, 0, 0, 27, 36, 3, 1, 1),
(352, '3', 50, 0, 0, 28, 36, 3, 1, 1),
(353, '3', 40, 0, 0, 29, 36, 3, 1, 1),
(354, '3', 31, 0, 0, 30, 36, 3, 1, 1),
(355, '3', 51, 0, 0, 31, 36, 3, 1, 1),
(356, '3', 78, 0, 0, 32, 36, 3, 1, 1),
(357, '3', 33, 0, 0, 33, 36, 3, 1, 1),
(358, '3', 41, 0, 0, 34, 36, 3, 1, 1),
(359, '3', 68, 0, 0, 35, 36, 3, 1, 1),
(360, '3', 36, 0, 0, 36, 36, 3, 1, 1),
(361, '11', 46, 0, 0, 1, 36, 3, 1, 1),
(362, '11', 69, 0, 0, 2, 36, 3, 1, 1),
(363, '11', 55, 0, 0, 3, 36, 3, 1, 1),
(364, '11', 48, 0, 0, 4, 36, 3, 1, 1),
(365, '11', 65, 0, 0, 5, 36, 3, 1, 1),
(366, '11', 59, 0, 0, 6, 36, 3, 1, 1),
(367, '11', 52, 0, 0, 7, 36, 3, 1, 1),
(368, '11', 45, 0, 0, 8, 36, 3, 1, 1),
(369, '11', 48, 0, 0, 9, 36, 3, 1, 1),
(370, '11', 52, 0, 0, 10, 36, 3, 1, 1),
(371, '11', 59, 0, 0, 11, 36, 3, 1, 1),
(372, '11', 57, 0, 0, 12, 36, 3, 1, 1),
(373, '11', 51, 0, 0, 13, 36, 3, 1, 1),
(374, '11', 48, 0, 0, 14, 36, 3, 1, 1),
(375, '11', 62, 0, 0, 15, 36, 3, 1, 1),
(376, '11', 48, 0, 0, 16, 36, 3, 1, 1),
(377, '11', 56, 0, 0, 17, 36, 3, 1, 1),
(378, '11', 55, 0, 0, 18, 36, 3, 1, 1),
(379, '11', 57, 0, 0, 19, 36, 3, 1, 1),
(380, '11', 59, 0, 0, 20, 36, 3, 1, 1),
(381, '11', 51, 0, 0, 21, 36, 3, 1, 1),
(382, '11', 64, 0, 0, 22, 36, 3, 1, 1),
(383, '11', 58, 0, 0, 23, 36, 3, 1, 1),
(384, '11', 59, 0, 0, 24, 36, 3, 1, 1),
(385, '11', 66, 0, 0, 25, 36, 3, 1, 1),
(386, '11', 63, 0, 0, 26, 36, 3, 1, 1),
(387, '11', 67, 0, 0, 27, 36, 3, 1, 1),
(388, '11', 55, 0, 0, 28, 36, 3, 1, 1),
(389, '11', 50, 0, 0, 29, 36, 3, 1, 1),
(390, '11', 36, 0, 0, 30, 36, 3, 1, 1),
(391, '11', 37, 0, 0, 31, 36, 3, 1, 1),
(392, '11', 68, 0, 0, 32, 36, 3, 1, 1),
(393, '11', 66, 0, 0, 33, 36, 3, 1, 1),
(394, '11', 59, 0, 0, 34, 36, 3, 1, 1),
(395, '11', 61, 0, 0, 35, 36, 3, 1, 1),
(396, '11', 42, 0, 0, 36, 36, 3, 1, 1),
(397, '23', 37, 0, 0, 1, 36, 3, 1, 1),
(398, '23', 64, 0, 0, 2, 36, 3, 1, 1),
(399, '23', 54, 0, 0, 3, 36, 3, 1, 1),
(400, '23', 33, 0, 0, 4, 36, 3, 1, 1),
(401, '23', 59, 0, 0, 5, 36, 3, 1, 1),
(402, '23', 45, 0, 0, 6, 36, 3, 1, 1),
(403, '23', 47, 0, 0, 7, 36, 3, 1, 1),
(404, '23', 45, 0, 0, 8, 36, 3, 1, 1),
(405, '23', 55, 0, 0, 9, 36, 3, 1, 1),
(406, '23', 46, 0, 0, 10, 36, 3, 1, 1),
(407, '23', 45, 0, 0, 11, 36, 3, 1, 1),
(408, '23', 61, 0, 0, 12, 36, 3, 1, 1),
(409, '23', 34, 0, 0, 13, 36, 3, 1, 1),
(410, '23', 45, 0, 0, 14, 36, 3, 1, 1),
(411, '23', 49, 0, 0, 15, 36, 3, 1, 1),
(412, '23', 61, 0, 0, 16, 36, 3, 1, 1),
(413, '23', 61, 0, 0, 17, 36, 3, 1, 1),
(414, '23', 49, 0, 0, 18, 36, 3, 1, 1),
(415, '23', 53, 0, 0, 19, 36, 3, 1, 1),
(416, '23', 49, 0, 0, 20, 36, 3, 1, 1),
(417, '23', 50, 0, 0, 21, 36, 3, 1, 1),
(418, '23', 54, 0, 0, 22, 36, 3, 1, 1),
(419, '23', 64, 0, 0, 23, 36, 3, 1, 1),
(420, '23', 63, 0, 0, 24, 36, 3, 1, 1),
(421, '23', 63, 0, 0, 25, 36, 3, 1, 1),
(422, '23', 54, 0, 0, 26, 36, 3, 1, 1),
(423, '23', 62, 0, 0, 27, 36, 3, 1, 1),
(424, '23', 58, 0, 0, 28, 36, 3, 1, 1),
(425, '23', 49, 0, 0, 29, 36, 3, 1, 1),
(426, '23', 54, 0, 0, 30, 36, 3, 1, 1),
(427, '23', 41, 0, 0, 31, 36, 3, 1, 1),
(428, '23', 59, 0, 0, 32, 36, 3, 1, 1),
(429, '23', 39, 0, 0, 33, 36, 3, 1, 1),
(430, '23', 57, 0, 0, 34, 36, 3, 1, 1),
(431, '23', 57, 0, 0, 35, 36, 3, 1, 1),
(432, '23', 41, 0, 0, 36, 36, 3, 1, 1),
(433, '24', 52, 0, 0, 1, 36, 3, 1, 1),
(434, '24', 64, 0, 0, 2, 36, 3, 1, 1),
(435, '24', 50, 0, 0, 3, 36, 3, 1, 1),
(436, '24', 45, 0, 0, 4, 36, 3, 1, 1),
(437, '24', 61, 0, 0, 5, 36, 3, 1, 1),
(438, '24', 60, 0, 0, 6, 36, 3, 1, 1),
(439, '24', 56, 0, 0, 7, 36, 3, 1, 1),
(440, '24', 45, 0, 0, 8, 36, 3, 1, 1),
(441, '24', 68, 0, 0, 9, 36, 3, 1, 1),
(442, '24', 48, 0, 0, 10, 36, 3, 1, 1),
(443, '24', 59, 0, 0, 11, 36, 3, 1, 1),
(444, '24', 63, 0, 0, 12, 36, 3, 1, 1),
(445, '24', 48, 0, 0, 13, 36, 3, 1, 1),
(446, '24', 72, 0, 0, 14, 36, 3, 1, 1),
(447, '24', 72, 0, 0, 15, 36, 3, 1, 1),
(448, '24', 48, 0, 0, 16, 36, 3, 1, 1),
(449, '24', 66, 0, 0, 17, 36, 3, 1, 1),
(450, '24', 42, 0, 0, 18, 36, 3, 1, 1),
(451, '24', 61, 0, 0, 19, 36, 3, 1, 1),
(452, '24', 54, 0, 0, 20, 36, 3, 1, 1),
(453, '24', 62, 0, 0, 21, 36, 3, 1, 1),
(454, '24', 68, 0, 0, 22, 36, 3, 1, 1),
(455, '24', 74, 0, 0, 23, 36, 3, 1, 1),
(456, '24', 50, 0, 0, 24, 36, 3, 1, 1),
(457, '24', 64, 0, 0, 25, 36, 3, 1, 1),
(458, '24', 52, 0, 0, 26, 36, 3, 1, 1),
(459, '24', 69, 0, 0, 27, 36, 3, 1, 1),
(460, '24', 68, 0, 0, 28, 36, 3, 1, 1),
(461, '24', 53, 0, 0, 29, 36, 3, 1, 1),
(462, '24', 33, 0, 0, 30, 36, 3, 1, 1),
(463, '24', 40, 0, 0, 31, 36, 3, 1, 1),
(464, '24', 78, 0, 0, 32, 36, 3, 1, 1),
(465, '24', 56, 0, 0, 33, 36, 3, 1, 1),
(466, '24', 60, 0, 0, 34, 36, 3, 1, 1),
(467, '24', 74, 0, 0, 35, 36, 3, 1, 1),
(468, '24', 35, 0, 0, 36, 36, 3, 1, 1),
(469, '14', 56, 0, 0, 1, 36, 3, 2, 1),
(470, '14', 72, 0, 0, 2, 36, 3, 2, 1),
(471, '14', 0, 0, 0, 3, 36, 3, 2, 1),
(472, '14', 51, 0, 0, 4, 36, 3, 2, 1),
(473, '14', 56, 0, 0, 5, 36, 3, 2, 1),
(474, '14', 57, 0, 0, 6, 36, 3, 2, 1),
(475, '14', 56, 0, 0, 7, 36, 3, 2, 1),
(476, '14', 59, 0, 0, 8, 36, 3, 2, 1),
(477, '14', 0, 0, 0, 9, 36, 3, 2, 1),
(478, '14', 58, 0, 0, 10, 36, 3, 2, 1),
(479, '14', 56, 0, 0, 11, 36, 3, 2, 1),
(480, '14', 66, 0, 0, 12, 36, 3, 2, 1),
(481, '14', 52, 0, 0, 13, 36, 3, 2, 1),
(482, '14', 54, 0, 0, 14, 36, 3, 2, 1),
(483, '14', 64, 0, 0, 15, 36, 3, 2, 1),
(484, '14', 49, 0, 0, 16, 36, 3, 2, 1),
(485, '14', 62, 0, 0, 17, 36, 3, 2, 1),
(486, '14', 46, 0, 0, 18, 36, 3, 2, 1),
(487, '14', 62, 0, 0, 19, 36, 3, 2, 1),
(488, '14', 63, 0, 0, 20, 36, 3, 2, 1),
(489, '14', 59, 0, 0, 21, 36, 3, 2, 1),
(490, '14', 60, 0, 0, 22, 36, 3, 2, 1),
(491, '14', 63, 0, 0, 23, 36, 3, 2, 1),
(492, '14', 68, 0, 0, 24, 36, 3, 2, 1),
(493, '14', 71, 0, 0, 25, 36, 3, 2, 1),
(494, '14', 54, 0, 0, 26, 36, 3, 2, 1),
(495, '14', 75, 0, 0, 27, 36, 3, 2, 1),
(496, '14', 64, 0, 0, 28, 36, 3, 2, 1),
(497, '14', 57, 0, 0, 29, 36, 3, 2, 1),
(498, '14', 44, 0, 0, 30, 36, 3, 2, 1),
(499, '14', 41, 0, 0, 31, 36, 3, 2, 1),
(500, '14', 64, 0, 0, 32, 36, 3, 2, 1),
(501, '14', 51, 0, 0, 33, 36, 3, 2, 1),
(502, '14', 44, 0, 0, 34, 36, 3, 2, 1),
(503, '14', 68, 0, 0, 35, 36, 3, 2, 1),
(504, '14', 45, 0, 0, 36, 36, 3, 2, 1),
(505, '12', 45, 0, 0, 1, 36, 3, 2, 1),
(506, '12', 62, 0, 0, 2, 36, 3, 2, 1),
(507, '12', 0, 0, 0, 3, 36, 3, 2, 1),
(508, '12', 47, 0, 0, 4, 36, 3, 2, 1),
(509, '12', 65, 0, 0, 5, 36, 3, 2, 1),
(510, '12', 65, 0, 0, 6, 36, 3, 2, 1),
(511, '12', 61, 0, 0, 7, 36, 3, 2, 1),
(512, '12', 65, 0, 0, 8, 36, 3, 2, 1),
(513, '12', 0, 0, 0, 9, 36, 3, 2, 1),
(514, '12', 45, 0, 0, 10, 36, 3, 2, 1),
(515, '12', 57, 0, 0, 11, 36, 3, 2, 1),
(516, '12', 74, 0, 0, 12, 36, 3, 2, 1),
(517, '12', 48, 0, 0, 13, 36, 3, 2, 1),
(518, '12', 45, 0, 0, 14, 36, 3, 2, 1),
(519, '12', 51, 0, 0, 15, 36, 3, 2, 1),
(520, '12', 46, 0, 0, 16, 36, 3, 2, 1),
(521, '12', 58, 0, 0, 17, 36, 3, 2, 1),
(522, '12', 45, 0, 0, 18, 36, 3, 2, 1),
(523, '12', 67, 0, 0, 19, 36, 3, 2, 1),
(524, '12', 72, 0, 0, 20, 36, 3, 2, 1),
(525, '12', 75, 0, 0, 21, 36, 3, 2, 1),
(526, '12', 65, 0, 0, 22, 36, 3, 2, 1),
(527, '12', 70, 0, 0, 23, 36, 3, 2, 1),
(528, '12', 66, 0, 0, 24, 36, 3, 2, 1),
(529, '12', 84, 0, 0, 25, 36, 3, 2, 1),
(530, '12', 50, 0, 0, 26, 36, 3, 2, 1),
(531, '12', 77, 0, 0, 27, 36, 3, 2, 1),
(532, '12', 68, 0, 0, 28, 36, 3, 2, 1),
(533, '12', 53, 0, 0, 29, 36, 3, 2, 1),
(534, '12', 36, 0, 0, 30, 36, 3, 2, 1),
(535, '12', 60, 0, 0, 31, 36, 3, 2, 1),
(536, '12', 81, 0, 0, 32, 36, 3, 2, 1),
(537, '12', 40, 0, 0, 33, 36, 3, 2, 1),
(538, '12', 53, 0, 0, 34, 36, 3, 2, 1),
(539, '12', 74, 0, 0, 35, 36, 3, 2, 1),
(540, '12', 53, 0, 0, 36, 36, 3, 2, 1),
(541, '13', 54, 0, 0, 1, 36, 3, 2, 1),
(542, '13', 70, 0, 0, 2, 36, 3, 2, 1),
(543, '13', 0, 0, 0, 3, 36, 3, 2, 1),
(544, '13', 50, 0, 0, 4, 36, 3, 2, 1),
(545, '13', 64, 0, 0, 5, 36, 3, 2, 1),
(546, '13', 55, 0, 0, 6, 36, 3, 2, 1),
(547, '13', 45, 0, 0, 7, 36, 3, 2, 1),
(548, '13', 62, 0, 0, 8, 36, 3, 2, 1),
(549, '13', 0, 0, 0, 9, 36, 3, 2, 1),
(550, '13', 61, 0, 0, 10, 36, 3, 2, 1),
(551, '13', 62, 0, 0, 11, 36, 3, 2, 1),
(552, '13', 60, 0, 0, 12, 36, 3, 2, 1),
(553, '13', 45, 0, 0, 13, 36, 3, 2, 1),
(554, '13', 50, 0, 0, 14, 36, 3, 2, 1),
(555, '13', 57, 0, 0, 15, 36, 3, 2, 1),
(556, '13', 55, 0, 0, 16, 36, 3, 2, 1),
(557, '13', 53, 0, 0, 17, 36, 3, 2, 1),
(558, '13', 47, 0, 0, 18, 36, 3, 2, 1),
(559, '13', 66, 0, 0, 19, 36, 3, 2, 1),
(560, '13', 65, 0, 0, 20, 36, 3, 2, 1),
(561, '13', 50, 0, 0, 21, 36, 3, 2, 1),
(562, '13', 70, 0, 0, 22, 36, 3, 2, 1),
(563, '13', 61, 0, 0, 23, 36, 3, 2, 1),
(564, '13', 78, 0, 0, 24, 36, 3, 2, 1),
(565, '13', 71, 0, 0, 25, 36, 3, 2, 1),
(566, '13', 70, 0, 0, 26, 36, 3, 2, 1),
(567, '13', 73, 0, 0, 27, 36, 3, 2, 1),
(568, '13', 66, 0, 0, 28, 36, 3, 2, 1),
(569, '13', 64, 0, 0, 29, 36, 3, 2, 1),
(570, '13', 57, 0, 0, 30, 36, 3, 2, 1),
(571, '13', 60, 0, 0, 31, 36, 3, 2, 1),
(572, '13', 87, 0, 0, 32, 36, 3, 2, 1),
(573, '13', 57, 0, 0, 33, 36, 3, 2, 1),
(574, '13', 63, 0, 0, 34, 36, 3, 2, 1),
(575, '13', 60, 0, 0, 35, 36, 3, 2, 1),
(576, '13', 45, 0, 0, 36, 36, 3, 2, 1),
(577, '19', 45, 0, 0, 1, 36, 3, 2, 1),
(578, '19', 78, 0, 0, 2, 36, 3, 2, 1),
(579, '19', 0, 0, 0, 3, 36, 3, 2, 1),
(580, '19', 55, 0, 0, 4, 36, 3, 2, 1),
(581, '19', 67, 0, 0, 5, 36, 3, 2, 1),
(582, '19', 60, 0, 0, 6, 36, 3, 2, 1),
(583, '19', 48, 0, 0, 7, 36, 3, 2, 1),
(584, '19', 59, 0, 0, 8, 36, 3, 2, 1),
(585, '19', 0, 0, 0, 9, 36, 3, 2, 1),
(586, '19', 46, 0, 0, 10, 36, 3, 2, 1),
(587, '19', 57, 0, 0, 11, 36, 3, 2, 1),
(588, '19', 67, 0, 0, 12, 36, 3, 2, 1),
(589, '19', 45, 0, 0, 13, 36, 3, 2, 1),
(590, '19', 52, 0, 0, 14, 36, 3, 2, 1),
(591, '19', 76, 0, 0, 15, 36, 3, 2, 1),
(592, '19', 55, 0, 0, 16, 36, 3, 2, 1),
(593, '19', 64, 0, 0, 17, 36, 3, 2, 1),
(594, '19', 49, 0, 0, 18, 36, 3, 2, 1),
(595, '19', 56, 0, 0, 19, 36, 3, 2, 1),
(596, '19', 69, 0, 0, 20, 36, 3, 2, 1),
(597, '19', 76, 0, 0, 21, 36, 3, 2, 1),
(598, '19', 59, 0, 0, 22, 36, 3, 2, 1),
(599, '19', 61, 0, 0, 23, 36, 3, 2, 1),
(600, '19', 45, 0, 0, 24, 36, 3, 2, 1),
(601, '19', 79, 0, 0, 25, 36, 3, 2, 1),
(602, '19', 45, 0, 0, 26, 36, 3, 2, 1),
(603, '19', 70, 0, 0, 27, 36, 3, 2, 1),
(604, '19', 55, 0, 0, 28, 36, 3, 2, 1),
(605, '19', 66, 0, 0, 29, 36, 3, 2, 1),
(606, '19', 54, 0, 0, 30, 36, 3, 2, 1),
(607, '19', 82, 0, 0, 31, 36, 3, 2, 1),
(608, '19', 90, 0, 0, 32, 36, 3, 2, 1),
(609, '19', 61, 0, 0, 33, 36, 3, 2, 1),
(610, '19', 46, 0, 0, 34, 36, 3, 2, 1),
(611, '19', 77, 0, 0, 35, 36, 3, 2, 1),
(612, '19', 56, 0, 0, 36, 36, 3, 2, 1),
(613, '20', 53, 0, 0, 1, 36, 3, 2, 1),
(614, '20', 68, 0, 0, 2, 36, 3, 2, 1),
(615, '20', 0, 0, 0, 3, 36, 3, 2, 1),
(616, '20', 48, 0, 0, 4, 36, 3, 2, 1),
(617, '20', 83, 0, 0, 5, 36, 3, 2, 1),
(618, '20', 49, 0, 0, 6, 36, 3, 2, 1),
(619, '20', 47, 0, 0, 7, 36, 3, 2, 1),
(620, '20', 64, 0, 0, 8, 36, 3, 2, 1),
(621, '20', 0, 0, 0, 9, 36, 3, 2, 1),
(622, '20', 52, 0, 0, 10, 36, 3, 2, 1),
(623, '20', 62, 0, 0, 11, 36, 3, 2, 1),
(624, '20', 79, 0, 0, 12, 36, 3, 2, 1),
(625, '20', 44, 0, 0, 13, 36, 3, 2, 1),
(626, '20', 61, 0, 0, 14, 36, 3, 2, 1),
(627, '20', 58, 0, 0, 15, 36, 3, 2, 1),
(628, '20', 45, 0, 0, 16, 36, 3, 2, 1),
(629, '20', 50, 0, 0, 17, 36, 3, 2, 1),
(630, '20', 65, 0, 0, 18, 36, 3, 2, 1),
(631, '20', 73, 0, 0, 19, 36, 3, 2, 1),
(632, '20', 49, 0, 0, 20, 36, 3, 2, 1),
(633, '20', 63, 0, 0, 21, 36, 3, 2, 1),
(634, '20', 61, 0, 0, 22, 36, 3, 2, 1),
(635, '20', 65, 0, 0, 23, 36, 3, 2, 1),
(636, '20', 46, 0, 0, 24, 36, 3, 2, 1),
(637, '20', 86, 0, 0, 25, 36, 3, 2, 1),
(638, '20', 56, 0, 0, 26, 36, 3, 2, 1),
(639, '20', 65, 0, 0, 27, 36, 3, 2, 1),
(640, '20', 73, 0, 0, 28, 36, 3, 2, 1),
(641, '20', 44, 0, 0, 29, 36, 3, 2, 1),
(642, '20', 31, 0, 0, 30, 36, 3, 2, 1),
(643, '20', 56, 0, 0, 31, 36, 3, 2, 1),
(644, '20', 82, 0, 0, 32, 36, 3, 2, 1),
(645, '20', 50, 0, 0, 33, 36, 3, 2, 1),
(646, '20', 52, 0, 0, 34, 36, 3, 2, 1),
(647, '20', 73, 0, 0, 35, 36, 3, 2, 1),
(648, '20', 30, 0, 0, 36, 36, 3, 2, 1),
(649, '21', 47, 0, 0, 1, 36, 3, 2, 1),
(650, '21', 79, 0, 0, 2, 36, 3, 2, 1),
(651, '21', 0, 0, 0, 3, 36, 3, 2, 1),
(652, '21', 54, 0, 0, 4, 36, 3, 2, 1),
(653, '21', 83, 0, 0, 5, 36, 3, 2, 1),
(654, '21', 44, 0, 0, 6, 36, 3, 2, 1),
(655, '21', 50, 0, 0, 7, 36, 3, 2, 1),
(656, '21', 65, 0, 0, 8, 36, 3, 2, 1),
(657, '21', 0, 0, 0, 9, 36, 3, 2, 1),
(658, '21', 58, 0, 0, 10, 36, 3, 2, 1),
(659, '21', 66, 0, 0, 11, 36, 3, 2, 1),
(660, '21', 87, 0, 0, 12, 36, 3, 2, 1),
(661, '21', 42, 0, 0, 13, 36, 3, 2, 1),
(662, '21', 56, 0, 0, 14, 36, 3, 2, 1),
(663, '21', 68, 0, 0, 15, 36, 3, 2, 1),
(664, '21', 59, 0, 0, 16, 36, 3, 2, 1),
(665, '21', 64, 0, 0, 17, 36, 3, 2, 1),
(666, '21', 54, 0, 0, 18, 36, 3, 2, 1),
(667, '21', 63, 0, 0, 19, 36, 3, 2, 1),
(668, '21', 59, 0, 0, 20, 36, 3, 2, 1),
(669, '21', 72, 0, 0, 21, 36, 3, 2, 1),
(670, '21', 58, 0, 0, 22, 36, 3, 2, 1),
(671, '21', 57, 0, 0, 23, 36, 3, 2, 1),
(672, '21', 63, 0, 0, 24, 36, 3, 2, 1),
(673, '21', 76, 0, 0, 25, 36, 3, 2, 1),
(674, '21', 56, 0, 0, 26, 36, 3, 2, 1),
(675, '21', 75, 0, 0, 27, 36, 3, 2, 1),
(676, '21', 77, 0, 0, 28, 36, 3, 2, 1),
(677, '21', 64, 0, 0, 29, 36, 3, 2, 1),
(678, '21', 40, 0, 0, 30, 36, 3, 2, 1),
(679, '21', 57, 0, 0, 31, 36, 3, 2, 1),
(680, '21', 95, 0, 0, 32, 36, 3, 2, 1),
(681, '21', 52, 0, 0, 33, 36, 3, 2, 1),
(682, '21', 52, 0, 0, 34, 36, 3, 2, 1),
(683, '21', 73, 0, 0, 35, 36, 3, 2, 1),
(684, '21', 55, 0, 0, 36, 36, 3, 2, 1),
(685, '16', 34, 0, 0, 1, 36, 3, 2, 1),
(686, '16', 49, 0, 0, 2, 36, 3, 2, 1),
(687, '16', 0, 0, 0, 3, 36, 3, 2, 1),
(688, '16', 45, 0, 0, 4, 36, 3, 2, 1),
(689, '16', 61, 0, 0, 5, 36, 3, 2, 1),
(690, '16', 56, 0, 0, 6, 36, 3, 2, 1),
(691, '16', 48, 0, 0, 7, 36, 3, 2, 1),
(692, '16', 36, 0, 0, 8, 36, 3, 2, 1),
(693, '16', 0, 0, 0, 9, 36, 3, 2, 1),
(694, '16', 41, 0, 0, 10, 36, 3, 2, 1),
(695, '16', 57, 0, 0, 11, 36, 3, 2, 1),
(696, '16', 64, 0, 0, 12, 36, 3, 2, 1),
(697, '16', 36, 0, 0, 13, 36, 3, 2, 1),
(698, '16', 35, 0, 0, 14, 36, 3, 2, 1),
(699, '16', 45, 0, 0, 15, 36, 3, 2, 1),
(700, '16', 30, 0, 0, 16, 36, 3, 2, 1),
(701, '16', 49, 0, 0, 17, 36, 3, 2, 1),
(702, '16', 45, 0, 0, 18, 36, 3, 2, 1),
(703, '16', 64, 0, 0, 19, 36, 3, 2, 1),
(704, '16', 53, 0, 0, 20, 36, 3, 2, 1),
(705, '16', 60, 0, 0, 21, 36, 3, 2, 1),
(706, '16', 59, 0, 0, 22, 36, 3, 2, 1),
(707, '16', 49, 0, 0, 23, 36, 3, 2, 1),
(708, '16', 55, 0, 0, 24, 36, 3, 2, 1),
(709, '16', 67, 0, 0, 25, 36, 3, 2, 1),
(710, '16', 40, 0, 0, 26, 36, 3, 2, 1),
(711, '16', 72, 0, 0, 27, 36, 3, 2, 1),
(712, '16', 61, 0, 0, 28, 36, 3, 2, 1),
(713, '16', 42, 0, 0, 29, 36, 3, 2, 1),
(714, '16', 35, 0, 0, 30, 36, 3, 2, 1),
(715, '16', 40, 0, 0, 31, 36, 3, 2, 1),
(716, '16', 66, 0, 0, 32, 36, 3, 2, 1),
(717, '16', 43, 0, 0, 33, 36, 3, 2, 1),
(718, '16', 46, 0, 0, 34, 36, 3, 2, 1),
(719, '16', 40, 0, 0, 35, 36, 3, 2, 1),
(720, '16', 40, 0, 0, 36, 36, 3, 2, 1),
(721, '17', 58, 0, 0, 1, 36, 3, 2, 1),
(722, '17', 64, 0, 0, 2, 36, 3, 2, 1),
(723, '17', 0, 0, 0, 3, 36, 3, 2, 1),
(724, '17', 59, 0, 0, 4, 36, 3, 2, 1),
(725, '17', 65, 0, 0, 5, 36, 3, 2, 1),
(726, '17', 57, 0, 0, 6, 36, 3, 2, 1),
(727, '17', 49, 0, 0, 7, 36, 3, 2, 1),
(728, '17', 69, 0, 0, 8, 36, 3, 2, 1),
(729, '17', 0, 0, 0, 9, 36, 3, 2, 1),
(730, '17', 49, 0, 0, 10, 36, 3, 2, 1),
(731, '17', 61, 0, 0, 11, 36, 3, 2, 1),
(732, '17', 75, 0, 0, 12, 36, 3, 2, 1),
(733, '17', 52, 0, 0, 13, 36, 3, 2, 1),
(734, '17', 62, 0, 0, 14, 36, 3, 2, 1),
(735, '17', 68, 0, 0, 15, 36, 3, 2, 1),
(736, '17', 51, 0, 0, 16, 36, 3, 2, 1),
(737, '17', 68, 0, 0, 17, 36, 3, 2, 1),
(738, '17', 62, 0, 0, 18, 36, 3, 2, 1),
(739, '17', 62, 0, 0, 19, 36, 3, 2, 1),
(740, '17', 60, 0, 0, 20, 36, 3, 2, 1),
(741, '17', 65, 0, 0, 21, 36, 3, 2, 1),
(742, '17', 62, 0, 0, 22, 36, 3, 2, 1),
(743, '17', 65, 0, 0, 23, 36, 3, 2, 1),
(744, '17', 59, 0, 0, 24, 36, 3, 2, 1),
(745, '17', 76, 0, 0, 25, 36, 3, 2, 1),
(746, '17', 63, 0, 0, 26, 36, 3, 2, 1),
(747, '17', 78, 0, 0, 27, 36, 3, 2, 1),
(748, '17', 70, 0, 0, 28, 36, 3, 2, 1),
(749, '17', 70, 0, 0, 29, 36, 3, 2, 1),
(750, '17', 40, 0, 0, 30, 36, 3, 2, 1),
(751, '17', 47, 0, 0, 31, 36, 3, 2, 1),
(752, '17', 76, 0, 0, 32, 36, 3, 2, 1),
(753, '17', 57, 0, 0, 33, 36, 3, 2, 1),
(754, '17', 50, 0, 0, 34, 36, 3, 2, 1),
(755, '17', 63, 0, 0, 35, 36, 3, 2, 1),
(756, '17', 44, 0, 0, 36, 36, 3, 2, 1),
(757, '18', 47, 0, 0, 1, 36, 3, 2, 1),
(758, '18', 66, 0, 0, 2, 36, 3, 2, 1),
(759, '18', 0, 0, 0, 3, 36, 3, 2, 1),
(760, '18', 43, 0, 0, 4, 36, 3, 2, 1),
(761, '18', 64, 0, 0, 5, 36, 3, 2, 1),
(762, '18', 43, 0, 0, 6, 36, 3, 2, 1),
(763, '18', 60, 0, 0, 7, 36, 3, 2, 1),
(764, '18', 59, 0, 0, 8, 36, 3, 2, 1),
(765, '18', 0, 0, 0, 9, 36, 3, 2, 1),
(766, '18', 42, 0, 0, 10, 36, 3, 2, 1),
(767, '18', 59, 0, 0, 11, 36, 3, 2, 1),
(768, '18', 75, 0, 0, 12, 36, 3, 2, 1),
(769, '18', 41, 0, 0, 13, 36, 3, 2, 1),
(770, '18', 57, 0, 0, 14, 36, 3, 2, 1),
(771, '18', 56, 0, 0, 15, 36, 3, 2, 1),
(772, '18', 45, 0, 0, 16, 36, 3, 2, 1),
(773, '18', 61, 0, 0, 17, 36, 3, 2, 1),
(774, '18', 46, 0, 0, 18, 36, 3, 2, 1),
(775, '18', 59, 0, 0, 19, 36, 3, 2, 1),
(776, '18', 60, 0, 0, 20, 36, 3, 2, 1),
(777, '18', 56, 0, 0, 21, 36, 3, 2, 1),
(778, '18', 60, 0, 0, 22, 36, 3, 2, 1),
(779, '18', 77, 0, 0, 23, 36, 3, 2, 1),
(780, '18', 58, 0, 0, 24, 36, 3, 2, 1),
(781, '18', 68, 0, 0, 25, 36, 3, 2, 1),
(782, '18', 40, 0, 0, 26, 36, 3, 2, 1),
(783, '18', 56, 0, 0, 27, 36, 3, 2, 1),
(784, '18', 22, 0, 0, 28, 36, 3, 2, 1),
(785, '18', 50, 0, 0, 29, 36, 3, 2, 1),
(786, '18', 34, 0, 0, 30, 36, 3, 2, 1),
(787, '18', 53, 0, 0, 31, 36, 3, 2, 1),
(788, '18', 83, 0, 0, 32, 36, 3, 2, 1),
(789, '18', 41, 0, 0, 33, 36, 3, 2, 1),
(790, '18', 45, 0, 0, 34, 36, 3, 2, 1),
(791, '18', 63, 0, 0, 35, 36, 3, 2, 1),
(792, '18', 48, 0, 0, 36, 36, 3, 2, 1),
(793, '15', 59, 0, 0, 1, 36, 3, 2, 1),
(794, '15', 79, 0, 0, 2, 36, 3, 2, 1),
(795, '15', 0, 0, 0, 3, 36, 3, 2, 1),
(796, '15', 60, 0, 0, 4, 36, 3, 2, 1),
(797, '15', 71, 0, 0, 5, 36, 3, 2, 1),
(798, '15', 65, 0, 0, 6, 36, 3, 2, 1),
(799, '15', 44, 0, 0, 7, 36, 3, 2, 1),
(800, '15', 60, 0, 0, 8, 36, 3, 2, 1),
(801, '15', 0, 0, 0, 9, 36, 3, 2, 1),
(802, '15', 55, 0, 0, 10, 36, 3, 2, 1),
(803, '15', 60, 0, 0, 11, 36, 3, 2, 1),
(804, '15', 72, 0, 0, 12, 36, 3, 2, 1),
(805, '15', 45, 0, 0, 13, 36, 3, 2, 1),
(806, '15', 40, 0, 0, 14, 36, 3, 2, 1),
(807, '15', 68, 0, 0, 15, 36, 3, 2, 1),
(808, '15', 49, 0, 0, 16, 36, 3, 2, 1),
(809, '15', 64, 0, 0, 17, 36, 3, 2, 1),
(810, '15', 67, 0, 0, 18, 36, 3, 2, 1),
(811, '15', 69, 0, 0, 19, 36, 3, 2, 1),
(812, '15', 70, 0, 0, 20, 36, 3, 2, 1),
(813, '15', 55, 0, 0, 21, 36, 3, 2, 1),
(814, '15', 60, 0, 0, 22, 36, 3, 2, 1),
(815, '15', 75, 0, 0, 23, 36, 3, 2, 1),
(816, '15', 55, 0, 0, 24, 36, 3, 2, 1),
(817, '15', 76, 0, 0, 25, 36, 3, 2, 1),
(818, '15', 63, 0, 0, 26, 36, 3, 2, 1),
(819, '15', 82, 0, 0, 27, 36, 3, 2, 1),
(820, '15', 74, 0, 0, 28, 36, 3, 2, 1),
(821, '15', 64, 0, 0, 29, 36, 3, 2, 1),
(822, '15', 50, 0, 0, 30, 36, 3, 2, 1),
(823, '15', 43, 0, 0, 31, 36, 3, 2, 1),
(824, '15', 80, 0, 0, 32, 36, 3, 2, 1),
(825, '15', 67, 0, 0, 33, 36, 3, 2, 1),
(826, '15', 62, 0, 0, 34, 36, 3, 2, 1),
(827, '15', 68, 0, 0, 35, 36, 3, 2, 1),
(828, '15', 41, 0, 0, 36, 36, 3, 2, 1),
(829, '22', 45, 0, 0, 1, 36, 3, 2, 1),
(830, '22', 69, 0, 0, 2, 36, 3, 2, 1),
(831, '22', 0, 0, 0, 3, 36, 3, 2, 1),
(832, '22', 55, 0, 0, 4, 36, 3, 2, 1),
(833, '22', 69, 0, 0, 5, 36, 3, 2, 1),
(834, '22', 45, 0, 0, 6, 36, 3, 2, 1),
(835, '22', 60, 0, 0, 7, 36, 3, 2, 1),
(836, '22', 45, 0, 0, 8, 36, 3, 2, 1),
(837, '22', 0, 0, 0, 9, 36, 3, 2, 1),
(838, '22', 50, 0, 0, 10, 36, 3, 2, 1),
(839, '22', 53, 0, 0, 11, 36, 3, 2, 1),
(840, '22', 58, 0, 0, 12, 36, 3, 2, 1),
(841, '22', 53, 0, 0, 13, 36, 3, 2, 1),
(842, '22', 54, 0, 0, 14, 36, 3, 2, 1),
(843, '22', 54, 0, 0, 15, 36, 3, 2, 1),
(844, '22', 50, 0, 0, 16, 36, 3, 2, 1),
(845, '22', 57, 0, 0, 17, 36, 3, 2, 1),
(846, '22', 48, 0, 0, 18, 36, 3, 2, 1),
(847, '22', 57, 0, 0, 19, 36, 3, 2, 1),
(848, '22', 58, 0, 0, 20, 36, 3, 2, 1),
(849, '22', 51, 0, 0, 21, 36, 3, 2, 1),
(850, '22', 57, 0, 0, 22, 36, 3, 2, 1),
(851, '22', 60, 0, 0, 23, 36, 3, 2, 1),
(852, '22', 52, 0, 0, 24, 36, 3, 2, 1),
(853, '22', 69, 0, 0, 25, 36, 3, 2, 1),
(854, '22', 56, 0, 0, 26, 36, 3, 2, 1),
(855, '22', 71, 0, 0, 27, 36, 3, 2, 1),
(856, '22', 64, 0, 0, 28, 36, 3, 2, 1),
(857, '22', 52, 0, 0, 29, 36, 3, 2, 1),
(858, '22', 37, 0, 0, 30, 36, 3, 2, 1),
(859, '22', 46, 0, 0, 31, 36, 3, 2, 1),
(860, '22', 74, 0, 0, 32, 36, 3, 2, 1),
(861, '22', 63, 0, 0, 33, 36, 3, 2, 1),
(862, '22', 57, 0, 0, 34, 36, 3, 2, 1),
(863, '22', 60, 0, 0, 35, 36, 3, 2, 1),
(864, '22', 48, 0, 0, 36, 36, 3, 2, 1),
(865, '46', 40, 0, 0, 1, 36, 3, 2, 1),
(866, '46', 48, 0, 0, 2, 36, 3, 2, 1),
(867, '46', 0, 0, 0, 3, 36, 3, 2, 1),
(868, '46', 40, 0, 0, 4, 36, 3, 2, 1),
(869, '46', 43, 0, 0, 5, 36, 3, 2, 1),
(870, '46', 41, 0, 0, 6, 36, 3, 2, 1),
(871, '46', 42, 0, 0, 7, 36, 3, 2, 1),
(872, '46', 42, 0, 0, 8, 36, 3, 2, 1),
(873, '46', 0, 0, 0, 9, 36, 3, 2, 1),
(874, '46', 33, 0, 0, 10, 36, 3, 2, 1),
(875, '46', 40, 0, 0, 11, 36, 3, 2, 1),
(876, '46', 52, 0, 0, 12, 36, 3, 2, 1),
(877, '46', 30, 0, 0, 13, 36, 3, 2, 1),
(878, '46', 58, 0, 0, 14, 36, 3, 2, 1),
(879, '46', 43, 0, 0, 15, 36, 3, 2, 1),
(880, '46', 30, 0, 0, 16, 36, 3, 2, 1),
(881, '46', 47, 0, 0, 17, 36, 3, 2, 1),
(882, '46', 48, 0, 0, 18, 36, 3, 2, 1),
(883, '46', 40, 0, 0, 19, 36, 3, 2, 1),
(884, '46', 48, 0, 0, 20, 36, 3, 2, 1),
(885, '46', 45, 0, 0, 21, 36, 3, 2, 1),
(886, '46', 45, 0, 0, 22, 36, 3, 2, 1),
(887, '46', 52, 0, 0, 23, 36, 3, 2, 1),
(888, '46', 42, 0, 0, 24, 36, 3, 2, 1),
(889, '46', 47, 0, 0, 25, 36, 3, 2, 1),
(890, '46', 40, 0, 0, 26, 36, 3, 2, 1),
(891, '46', 50, 0, 0, 27, 36, 3, 2, 1),
(892, '46', 47, 0, 0, 28, 36, 3, 2, 1),
(893, '46', 46, 0, 0, 29, 36, 3, 2, 1),
(894, '46', 32, 0, 0, 30, 36, 3, 2, 1),
(895, '46', 40, 0, 0, 31, 36, 3, 2, 1),
(896, '46', 57, 0, 0, 32, 36, 3, 2, 1),
(897, '46', 42, 0, 0, 33, 36, 3, 2, 1),
(898, '46', 46, 0, 0, 34, 36, 3, 2, 1),
(899, '46', 42, 0, 0, 35, 36, 3, 2, 1),
(900, '46', 40, 0, 0, 36, 36, 3, 2, 1);

-- --------------------------------------------------------

--
-- Table structure for table `examtype`
--

CREATE TABLE `examtype` (
  `id` int(11) NOT NULL,
  `examtype_name` varchar(50) NOT NULL,
  `status` int(11) NOT NULL DEFAULT 1
) ENGINE=InnoDB DEFAULT CHARSET=utf8mb4;

--
-- Dumping data for table `examtype`
--

INSERT INTO `examtype` (`id`, `examtype_name`, `status`) VALUES
(1, 'Regular', 1),
(2, 'Cary Over', 1),
(3, 'Spil Over', 1);

-- --------------------------------------------------------

--
-- Table structure for table `ex_excel`
--

CREATE TABLE `ex_excel` (
  `id` int(8) NOT NULL,
  `name` varchar(255) NOT NULL,
  `age` int(11) NOT NULL,
  `gender` varchar(6) NOT NULL,
  `m_status` varbinary(15) NOT NULL,
  `lga` varchar(100) NOT NULL,
  `state` varchar(100) NOT NULL
) ENGINE=InnoDB DEFAULT CHARSET=latin1;

--
-- Dumping data for table `ex_excel`
--

INSERT INTO `ex_excel` (`id`, `name`, `age`, `gender`, `m_status`, `lga`, `state`) VALUES
(1, 'Sani', 83, 'Male', 0x6d617272696564, 'Zaria', 'Kaduna'),
(2, 'Ibrahim', 20, 'Male', 0x53696e676c65, 'Gwale', 'Kano'),
(3, 'Adamu', 21, 'Male', 0x4469766f636565, 'Kiyawa', 'Jigawa'),
(4, 'Sani', 83, 'Male', 0x6d617272696564, 'Zaria', 'Kaduna'),
(5, 'Ibrahim', 20, 'Male', 0x53696e676c65, 'Gwale', 'Kano'),
(6, 'Adamu', 21, 'Male', 0x4469766f636565, 'Kiyawa', 'Jigawa'),
(7, 'Sani', 83, 'Male', 0x6d617272696564, 'Zaria', 'Kaduna'),
(8, 'Ibrahim', 20, 'Male', 0x53696e676c65, 'Gwale', 'Kano'),
(9, 'Adamu', 21, 'Male', 0x4469766f636565, 'Kiyawa', 'Jigawa'),
(10, 'Sani', 83, 'Male', 0x6d617272696564, 'Zaria', 'Kaduna'),
(11, 'Ibrahim', 20, 'Male', 0x53696e676c65, 'Gwale', 'Kano'),
(12, 'Adamu', 21, 'Male', 0x4469766f636565, 'Kiyawa', 'Jigawa');

-- --------------------------------------------------------

--
-- Table structure for table `faculty`
--

CREATE TABLE `faculty` (
  `id` int(11) NOT NULL,
  `faculty_name` varchar(100) NOT NULL,
  `status` varchar(8) NOT NULL
) ENGINE=InnoDB DEFAULT CHARSET=utf8mb4;

--
-- Dumping data for table `faculty`
--

INSERT INTO `faculty` (`id`, `faculty_name`, `status`) VALUES
(1, 'Agriculture', '1'),
(2, 'Sciences', '1'),
(3, 'Medicine', '1');

-- --------------------------------------------------------

--
-- Table structure for table `gps`
--

CREATE TABLE `gps` (
  `id` int(11) NOT NULL,
  `student_id` int(11) NOT NULL,
  `tcr` int(11) NOT NULL,
  `tce` int(11) NOT NULL,
  `tpe` int(11) NOT NULL,
  `session_id` int(11) NOT NULL,
  `semester_id` int(11) NOT NULL,
  `status` int(11) NOT NULL DEFAULT 0
) ENGINE=InnoDB DEFAULT CHARSET=utf8mb4;

--
-- Dumping data for table `gps`
--

INSERT INTO `gps` (`id`, `student_id`, `tcr`, `tce`, `tpe`, `session_id`, `semester_id`, `status`) VALUES
(1, 1, 26, 22, 46, 36, 1, 0),
(2, 2, 26, 26, 108, 36, 1, 0),
(3, 3, 26, 6, 18, 36, 1, 1),
(4, 4, 26, 24, 56, 36, 1, 0),
(5, 5, 26, 26, 108, 36, 1, 0),
(6, 6, 26, 26, 76, 36, 1, 0),
(7, 7, 26, 26, 58, 36, 1, 0),
(8, 8, 26, 24, 56, 36, 1, 0),
(9, 9, 26, 12, 38, 36, 1, 1),
(10, 10, 26, 24, 54, 36, 1, 0),
(11, 11, 26, 26, 68, 36, 1, 0),
(12, 12, 26, 26, 106, 36, 1, 0),
(13, 13, 26, 16, 28, 36, 1, 0),
(14, 14, 26, 26, 60, 36, 1, 0),
(15, 15, 26, 26, 82, 36, 1, 0),
(16, 16, 26, 20, 50, 36, 1, 0),
(17, 17, 26, 26, 76, 36, 1, 0),
(18, 18, 26, 26, 54, 36, 1, 0),
(19, 19, 26, 26, 78, 36, 1, 0),
(20, 20, 26, 26, 104, 36, 1, 0),
(21, 21, 26, 26, 90, 36, 1, 0),
(22, 22, 26, 26, 84, 36, 1, 0),
(23, 23, 26, 26, 96, 36, 1, 0),
(24, 24, 26, 26, 90, 36, 1, 0),
(25, 25, 26, 26, 114, 36, 1, 0),
(26, 26, 26, 24, 50, 36, 1, 0),
(27, 27, 26, 26, 108, 36, 1, 0),
(28, 28, 26, 26, 98, 36, 1, 0),
(29, 29, 26, 26, 70, 36, 1, 0),
(30, 30, 26, 12, 20, 36, 1, 1),
(31, 31, 26, 24, 36, 36, 1, 0),
(32, 32, 26, 26, 122, 36, 1, 0),
(33, 33, 26, 22, 60, 36, 1, 0),
(34, 34, 26, 26, 76, 36, 1, 0),
(35, 35, 26, 26, 96, 36, 1, 0),
(36, 36, 26, 20, 30, 36, 1, 0),
(37, 1, 24, 22, 52, 36, 2, 0),
(38, 2, 24, 24, 98, 36, 2, 0),
(39, 3, 24, 0, 0, 36, 2, 1),
(40, 4, 24, 24, 60, 36, 2, 0),
(41, 5, 24, 24, 94, 36, 2, 0),
(42, 6, 24, 24, 62, 36, 2, 0),
(43, 7, 24, 24, 60, 36, 2, 0),
(44, 8, 24, 22, 72, 36, 2, 0),
(45, 9, 24, 0, 0, 36, 2, 1),
(46, 10, 24, 22, 54, 36, 2, 0),
(47, 11, 24, 24, 78, 36, 2, 0),
(48, 12, 24, 24, 104, 36, 2, 0),
(49, 13, 24, 20, 40, 36, 2, 0),
(50, 14, 24, 22, 64, 36, 2, 0),
(51, 15, 24, 24, 78, 36, 2, 0),
(52, 16, 24, 20, 50, 36, 2, 0),
(53, 17, 24, 24, 80, 36, 2, 0),
(54, 18, 24, 24, 62, 36, 2, 0),
(55, 19, 24, 24, 86, 36, 2, 0),
(56, 20, 24, 24, 86, 36, 2, 0),
(57, 21, 24, 24, 88, 36, 2, 0),
(58, 22, 24, 24, 86, 36, 2, 0),
(59, 23, 24, 24, 94, 36, 2, 0),
(60, 24, 24, 24, 74, 36, 2, 0),
(61, 25, 24, 24, 108, 36, 2, 0),
(62, 26, 24, 24, 66, 36, 2, 0),
(63, 27, 24, 24, 110, 36, 2, 0),
(64, 28, 24, 22, 90, 36, 2, 0),
(65, 29, 24, 24, 74, 36, 2, 0),
(66, 30, 24, 12, 24, 36, 2, 1),
(67, 31, 24, 24, 60, 36, 2, 0),
(68, 32, 24, 24, 112, 36, 2, 0),
(69, 33, 24, 24, 62, 36, 2, 0),
(70, 34, 24, 24, 64, 36, 2, 0),
(71, 35, 24, 24, 92, 36, 2, 0),
(72, 36, 24, 22, 42, 36, 2, 0);

-- --------------------------------------------------------

--
-- Table structure for table `level`
--

CREATE TABLE `level` (
  `id` int(11) NOT NULL,
  `level_name` varchar(20) NOT NULL,
  `status` int(11) NOT NULL
) ENGINE=InnoDB DEFAULT CHARSET=utf8mb4;

--
-- Dumping data for table `level`
--

INSERT INTO `level` (`id`, `level_name`, `status`) VALUES
(1, 'Level 100', 0),
(2, 'Level 200', 0),
(3, 'Level 300', 1),
(4, 'Level 400', 1),
(5, 'Level 500', 1),
(6, 'Spill Over I', 1),
(7, 'Spill Over II', 1);

-- --------------------------------------------------------

--
-- Table structure for table `pma__bookmark`
--

CREATE TABLE `pma__bookmark` (
  `id` int(10) UNSIGNED NOT NULL,
  `dbase` varchar(255) COLLATE utf8_bin NOT NULL DEFAULT '',
  `user` varchar(255) COLLATE utf8_bin NOT NULL DEFAULT '',
  `label` varchar(255) CHARACTER SET utf8 NOT NULL DEFAULT '',
  `query` text COLLATE utf8_bin NOT NULL
) ENGINE=InnoDB DEFAULT CHARSET=utf8 COLLATE=utf8_bin COMMENT='Bookmarks';

-- --------------------------------------------------------

--
-- Table structure for table `pma__central_columns`
--

CREATE TABLE `pma__central_columns` (
  `db_name` varchar(64) COLLATE utf8_bin NOT NULL,
  `col_name` varchar(64) COLLATE utf8_bin NOT NULL,
  `col_type` varchar(64) COLLATE utf8_bin NOT NULL,
  `col_length` text COLLATE utf8_bin DEFAULT NULL,
  `col_collation` varchar(64) COLLATE utf8_bin NOT NULL,
  `col_isNull` tinyint(1) NOT NULL,
  `col_extra` varchar(255) COLLATE utf8_bin DEFAULT '',
  `col_default` text COLLATE utf8_bin DEFAULT NULL
) ENGINE=InnoDB DEFAULT CHARSET=utf8 COLLATE=utf8_bin COMMENT='Central list of columns';

-- --------------------------------------------------------

--
-- Table structure for table `pma__column_info`
--

CREATE TABLE `pma__column_info` (
  `id` int(5) UNSIGNED NOT NULL,
  `db_name` varchar(64) COLLATE utf8_bin NOT NULL DEFAULT '',
  `table_name` varchar(64) COLLATE utf8_bin NOT NULL DEFAULT '',
  `column_name` varchar(64) COLLATE utf8_bin NOT NULL DEFAULT '',
  `comment` varchar(255) CHARACTER SET utf8 NOT NULL DEFAULT '',
  `mimetype` varchar(255) CHARACTER SET utf8 NOT NULL DEFAULT '',
  `transformation` varchar(255) COLLATE utf8_bin NOT NULL DEFAULT '',
  `transformation_options` varchar(255) COLLATE utf8_bin NOT NULL DEFAULT '',
  `input_transformation` varchar(255) COLLATE utf8_bin NOT NULL DEFAULT '',
  `input_transformation_options` varchar(255) COLLATE utf8_bin NOT NULL DEFAULT ''
) ENGINE=InnoDB DEFAULT CHARSET=utf8 COLLATE=utf8_bin COMMENT='Column information for phpMyAdmin';

-- --------------------------------------------------------

--
-- Table structure for table `pma__designer_settings`
--

CREATE TABLE `pma__designer_settings` (
  `username` varchar(64) COLLATE utf8_bin NOT NULL,
  `settings_data` text COLLATE utf8_bin NOT NULL
) ENGINE=InnoDB DEFAULT CHARSET=utf8 COLLATE=utf8_bin COMMENT='Settings related to Designer';

-- --------------------------------------------------------

--
-- Table structure for table `pma__export_templates`
--

CREATE TABLE `pma__export_templates` (
  `id` int(5) UNSIGNED NOT NULL,
  `username` varchar(64) COLLATE utf8_bin NOT NULL,
  `export_type` varchar(10) COLLATE utf8_bin NOT NULL,
  `template_name` varchar(64) COLLATE utf8_bin NOT NULL,
  `template_data` text COLLATE utf8_bin NOT NULL
) ENGINE=InnoDB DEFAULT CHARSET=utf8 COLLATE=utf8_bin COMMENT='Saved export templates';

-- --------------------------------------------------------

--
-- Table structure for table `pma__favorite`
--

CREATE TABLE `pma__favorite` (
  `username` varchar(64) COLLATE utf8_bin NOT NULL,
  `tables` text COLLATE utf8_bin NOT NULL
) ENGINE=InnoDB DEFAULT CHARSET=utf8 COLLATE=utf8_bin COMMENT='Favorite tables';

-- --------------------------------------------------------

--
-- Table structure for table `pma__history`
--

CREATE TABLE `pma__history` (
  `id` bigint(20) UNSIGNED NOT NULL,
  `username` varchar(64) COLLATE utf8_bin NOT NULL DEFAULT '',
  `db` varchar(64) COLLATE utf8_bin NOT NULL DEFAULT '',
  `table` varchar(64) COLLATE utf8_bin NOT NULL DEFAULT '',
  `timevalue` timestamp NOT NULL DEFAULT current_timestamp(),
  `sqlquery` text COLLATE utf8_bin NOT NULL
) ENGINE=InnoDB DEFAULT CHARSET=utf8 COLLATE=utf8_bin COMMENT='SQL history for phpMyAdmin';

-- --------------------------------------------------------

--
-- Table structure for table `pma__navigationhiding`
--

CREATE TABLE `pma__navigationhiding` (
  `username` varchar(64) COLLATE utf8_bin NOT NULL,
  `item_name` varchar(64) COLLATE utf8_bin NOT NULL,
  `item_type` varchar(64) COLLATE utf8_bin NOT NULL,
  `db_name` varchar(64) COLLATE utf8_bin NOT NULL,
  `table_name` varchar(64) COLLATE utf8_bin NOT NULL
) ENGINE=InnoDB DEFAULT CHARSET=utf8 COLLATE=utf8_bin COMMENT='Hidden items of navigation tree';

-- --------------------------------------------------------

--
-- Table structure for table `pma__pdf_pages`
--

CREATE TABLE `pma__pdf_pages` (
  `db_name` varchar(64) COLLATE utf8_bin NOT NULL DEFAULT '',
  `page_nr` int(10) UNSIGNED NOT NULL,
  `page_descr` varchar(50) CHARACTER SET utf8 NOT NULL DEFAULT ''
) ENGINE=InnoDB DEFAULT CHARSET=utf8 COLLATE=utf8_bin COMMENT='PDF relation pages for phpMyAdmin';

-- --------------------------------------------------------

--
-- Table structure for table `pma__recent`
--

CREATE TABLE `pma__recent` (
  `username` varchar(64) COLLATE utf8_bin NOT NULL,
  `tables` text COLLATE utf8_bin NOT NULL
) ENGINE=InnoDB DEFAULT CHARSET=utf8 COLLATE=utf8_bin COMMENT='Recently accessed tables';

-- --------------------------------------------------------

--
-- Table structure for table `pma__relation`
--

CREATE TABLE `pma__relation` (
  `master_db` varchar(64) COLLATE utf8_bin NOT NULL DEFAULT '',
  `master_table` varchar(64) COLLATE utf8_bin NOT NULL DEFAULT '',
  `master_field` varchar(64) COLLATE utf8_bin NOT NULL DEFAULT '',
  `foreign_db` varchar(64) COLLATE utf8_bin NOT NULL DEFAULT '',
  `foreign_table` varchar(64) COLLATE utf8_bin NOT NULL DEFAULT '',
  `foreign_field` varchar(64) COLLATE utf8_bin NOT NULL DEFAULT ''
) ENGINE=InnoDB DEFAULT CHARSET=utf8 COLLATE=utf8_bin COMMENT='Relation table';

-- --------------------------------------------------------

--
-- Table structure for table `pma__savedsearches`
--

CREATE TABLE `pma__savedsearches` (
  `id` int(5) UNSIGNED NOT NULL,
  `username` varchar(64) COLLATE utf8_bin NOT NULL DEFAULT '',
  `db_name` varchar(64) COLLATE utf8_bin NOT NULL DEFAULT '',
  `search_name` varchar(64) COLLATE utf8_bin NOT NULL DEFAULT '',
  `search_data` text COLLATE utf8_bin NOT NULL
) ENGINE=InnoDB DEFAULT CHARSET=utf8 COLLATE=utf8_bin COMMENT='Saved searches';

-- --------------------------------------------------------

--
-- Table structure for table `pma__table_coords`
--

CREATE TABLE `pma__table_coords` (
  `db_name` varchar(64) COLLATE utf8_bin NOT NULL DEFAULT '',
  `table_name` varchar(64) COLLATE utf8_bin NOT NULL DEFAULT '',
  `pdf_page_number` int(11) NOT NULL DEFAULT 0,
  `x` float UNSIGNED NOT NULL DEFAULT 0,
  `y` float UNSIGNED NOT NULL DEFAULT 0
) ENGINE=InnoDB DEFAULT CHARSET=utf8 COLLATE=utf8_bin COMMENT='Table coordinates for phpMyAdmin PDF output';

-- --------------------------------------------------------

--
-- Table structure for table `pma__table_info`
--

CREATE TABLE `pma__table_info` (
  `db_name` varchar(64) COLLATE utf8_bin NOT NULL DEFAULT '',
  `table_name` varchar(64) COLLATE utf8_bin NOT NULL DEFAULT '',
  `display_field` varchar(64) COLLATE utf8_bin NOT NULL DEFAULT ''
) ENGINE=InnoDB DEFAULT CHARSET=utf8 COLLATE=utf8_bin COMMENT='Table information for phpMyAdmin';

-- --------------------------------------------------------

--
-- Table structure for table `pma__table_uiprefs`
--

CREATE TABLE `pma__table_uiprefs` (
  `username` varchar(64) COLLATE utf8_bin NOT NULL,
  `db_name` varchar(64) COLLATE utf8_bin NOT NULL,
  `table_name` varchar(64) COLLATE utf8_bin NOT NULL,
  `prefs` text COLLATE utf8_bin NOT NULL,
  `last_update` timestamp NOT NULL DEFAULT current_timestamp() ON UPDATE current_timestamp()
) ENGINE=InnoDB DEFAULT CHARSET=utf8 COLLATE=utf8_bin COMMENT='Tables'' UI preferences';

-- --------------------------------------------------------

--
-- Table structure for table `pma__tracking`
--

CREATE TABLE `pma__tracking` (
  `db_name` varchar(64) COLLATE utf8_bin NOT NULL,
  `table_name` varchar(64) COLLATE utf8_bin NOT NULL,
  `version` int(10) UNSIGNED NOT NULL,
  `date_created` datetime NOT NULL,
  `date_updated` datetime NOT NULL,
  `schema_snapshot` text COLLATE utf8_bin NOT NULL,
  `schema_sql` text COLLATE utf8_bin DEFAULT NULL,
  `data_sql` longtext COLLATE utf8_bin DEFAULT NULL,
  `tracking` set('UPDATE','REPLACE','INSERT','DELETE','TRUNCATE','CREATE DATABASE','ALTER DATABASE','DROP DATABASE','CREATE TABLE','ALTER TABLE','RENAME TABLE','DROP TABLE','CREATE INDEX','DROP INDEX','CREATE VIEW','ALTER VIEW','DROP VIEW') COLLATE utf8_bin DEFAULT NULL,
  `tracking_active` int(1) UNSIGNED NOT NULL DEFAULT 1
) ENGINE=InnoDB DEFAULT CHARSET=utf8 COLLATE=utf8_bin COMMENT='Database changes tracking for phpMyAdmin';

-- --------------------------------------------------------

--
-- Table structure for table `pma__userconfig`
--

CREATE TABLE `pma__userconfig` (
  `username` varchar(64) COLLATE utf8_bin NOT NULL,
  `timevalue` timestamp NOT NULL DEFAULT current_timestamp() ON UPDATE current_timestamp(),
  `config_data` text COLLATE utf8_bin NOT NULL
) ENGINE=InnoDB DEFAULT CHARSET=utf8 COLLATE=utf8_bin COMMENT='User preferences storage for phpMyAdmin';

-- --------------------------------------------------------

--
-- Table structure for table `pma__usergroups`
--

CREATE TABLE `pma__usergroups` (
  `usergroup` varchar(64) COLLATE utf8_bin NOT NULL,
  `tab` varchar(64) COLLATE utf8_bin NOT NULL,
  `allowed` enum('Y','N') COLLATE utf8_bin NOT NULL DEFAULT 'N'
) ENGINE=InnoDB DEFAULT CHARSET=utf8 COLLATE=utf8_bin COMMENT='User groups with configured menu items';

-- --------------------------------------------------------

--
-- Table structure for table `pma__users`
--

CREATE TABLE `pma__users` (
  `username` varchar(64) COLLATE utf8_bin NOT NULL,
  `usergroup` varchar(64) COLLATE utf8_bin NOT NULL
) ENGINE=InnoDB DEFAULT CHARSET=utf8 COLLATE=utf8_bin COMMENT='Users and their assignments to user groups';

-- --------------------------------------------------------

--
-- Table structure for table `semester`
--

CREATE TABLE `semester` (
  `id` int(11) NOT NULL,
  `semester_name` varchar(50) NOT NULL,
  `status` int(11) NOT NULL
) ENGINE=InnoDB DEFAULT CHARSET=utf8mb4;

--
-- Dumping data for table `semester`
--

INSERT INTO `semester` (`id`, `semester_name`, `status`) VALUES
(1, 'First', 1),
(2, 'Second', 1);

-- --------------------------------------------------------

--
-- Table structure for table `session`
--

CREATE TABLE `session` (
  `id` int(11) NOT NULL,
  `session_name` varchar(20) NOT NULL,
  `year` year(4) NOT NULL,
  `status` int(11) NOT NULL
) ENGINE=InnoDB DEFAULT CHARSET=utf8mb4;

--
-- Dumping data for table `session`
--

INSERT INTO `session` (`id`, `session_name`, `year`, `status`) VALUES
(1, '1979/1980', 1980, 1),
(2, '1980/1981', 1981, 1),
(3, '1981/1982', 1982, 1),
(4, '1982/1983', 1983, 1),
(5, '1983/1984', 1984, 1),
(6, '1984/1985', 1985, 1),
(7, '1985/1986', 1986, 1),
(8, '1986/1987', 1987, 1),
(9, '1987/1988', 1988, 1),
(10, '1988/1989', 1989, 1),
(11, '1989/1990', 1990, 1),
(12, '1990/1991', 1991, 1),
(13, '1991/1992', 1992, 1),
(14, '1992/1993', 1993, 1),
(15, '1993/1994', 1994, 1),
(16, '1994/1995', 1995, 1),
(17, '1995/1996', 1996, 1),
(18, '1996/1997', 1997, 1),
(19, '1997/1998', 1998, 1),
(20, '1998/1999', 1999, 1),
(21, '1999/2000', 2000, 1),
(22, '2000/2001', 2001, 1),
(23, '2001/2002', 2002, 1),
(24, '2002/2003', 2003, 1),
(25, '2003/2004', 2004, 1),
(26, '2004/2005', 2005, 1),
(27, '2005/2006', 2006, 1),
(28, '2006/2007', 2007, 1),
(29, '2007/2008', 2008, 1),
(30, '2008/2009', 2009, 1),
(31, '2009/2010', 2010, 1),
(32, '2010/2011', 2011, 1),
(33, '2011/2012', 2012, 1),
(34, '2012/2013', 2013, 1),
(35, '2013/2014', 2014, 1),
(36, '2014/2015', 2015, 1),
(37, '2015/2016', 2016, 1),
(38, '2016/2017', 2017, 1),
(39, '2017/2018', 2018, 1),
(40, '2018/2019', 2019, 1),
(41, '2019/2020', 2020, 1),
(46, '2020/2021', 2021, 1),
(47, '2021/2022', 2022, 1);

-- --------------------------------------------------------

--
-- Table structure for table `student`
--

CREATE TABLE `student` (
  `id` int(11) NOT NULL,
  `regno` varchar(20) NOT NULL,
  `student_name` varchar(50) NOT NULL,
  `course_of_study_id` int(11) NOT NULL,
  `department_id` int(11) NOT NULL,
  `faculty_id` int(11) NOT NULL,
  `level_id` int(11) NOT NULL,
  `session_id` int(11) NOT NULL
) ENGINE=InnoDB DEFAULT CHARSET=utf8mb4;

--
-- Dumping data for table `student`
--

INSERT INTO `student` (`id`, `regno`, `student_name`, `course_of_study_id`, `department_id`, `faculty_id`, `level_id`, `session_id`) VALUES
(1, 'AGR/14/AGR/01151', 'Abdu Garba Takai', 0, 0, 0, 3, 36),
(2, 'AGR/14/AGR/01152', 'Abdulkarim A. Abdu', 0, 0, 0, 3, 36),
(3, 'AGR/14/AGR/01153', 'Abdurrahman Aminu Bindawa', 0, 0, 0, 3, 36),
(4, 'AGR/14/AGR/01154', 'Muhammad Abubakar Kaloma', 0, 0, 0, 3, 36),
(5, 'AGR/14/AGR/01157', 'Ahmad Zakariya', 0, 0, 0, 3, 36),
(6, 'AGR/14/AGR/01158', 'Tryphena Akawu Saura', 0, 0, 0, 3, 36),
(7, 'AGR/14/AGR/01159', 'Ali Muhammed Chindo', 0, 0, 0, 3, 36),
(8, 'AGR/14/AGR/01160', 'Aliyu Rumah Jamilu', 0, 0, 0, 3, 36),
(9, 'AGR/14/AGR/01161', 'Aminu Isa Ringim', 0, 0, 0, 3, 36),
(10, 'AGR/14/AGR/01162', 'Aminu Muhammad Kaugama', 0, 0, 0, 3, 36),
(11, 'AGR/14/AGR/01163', 'Badaru Ibrahim ', 0, 0, 0, 3, 36),
(12, 'AGR/14/AGR/01164', 'Bello Abdulmumin Suleiman', 0, 0, 0, 3, 36),
(13, 'AGR/14/AGR/01166', 'Garba Muhammad Wudil', 0, 0, 0, 3, 36),
(14, 'AGR/14/AGR/01167', 'Garba Musa ', 0, 0, 0, 3, 36),
(15, 'AGR/14/AGR/01169', 'Ibrahim Muhammad ', 0, 0, 0, 3, 36),
(16, 'AGR/14/AGR/01170', 'Ibrahim Nuraddeen ', 0, 0, 0, 3, 36),
(17, 'AGR/14/AGR/01171', 'Iliyasu Mukhtar ', 0, 0, 0, 3, 36),
(18, 'AGR/14/AGR/01172', 'Isa Ahmad Sarki', 0, 0, 0, 3, 36),
(19, 'AGR/14/AGR/01173', 'Isa Muhammad ', 0, 0, 0, 3, 36),
(20, 'AGR/14/AGR/01174', 'Jibril Muhammad Yelwa', 0, 0, 0, 3, 36),
(21, 'AGR/14/AGR/01175', 'Kabir Falalu ', 0, 0, 0, 3, 36),
(22, 'AGR/14/AGR/01176', 'Kabiru Garba Yakasai', 0, 0, 0, 3, 36),
(23, 'AGR/14/AGR/01177', 'Kwarams Haruna Salam', 0, 0, 0, 3, 36),
(24, 'AGR/14/AGR/01178', 'M. Abdullahi Farouk', 0, 0, 0, 3, 36),
(25, 'AGR/14/AGR/01179', 'Madi Sani Yakubu', 0, 0, 0, 3, 36),
(26, 'AGR/14/AGR/01180', 'Mohammed Adamu Enagi', 0, 0, 0, 3, 36),
(27, 'AGR/14/AGR/01181', 'Muhammad Sambo Magaji', 0, 0, 0, 3, 36),
(28, 'AGR/14/AGR/01183', 'Musa RabiU Alhaji', 0, 0, 0, 3, 36),
(29, 'AGR/14/AGR/01184', 'Rabiu Bashir Kwa', 0, 0, 0, 3, 36),
(30, 'AGR/14/AGR/01185', 'Saidu Sunusi ', 0, 0, 0, 3, 36),
(31, 'AGR/14/AGR/01186', 'Sabiu Abdullahi ', 0, 0, 0, 3, 36),
(32, 'AGR/14/AGR/01188', 'Salisu Sirajo Jibia', 0, 0, 0, 3, 36),
(33, 'AGR/14/AGR/01189', 'Sanusi Mohammed ', 0, 0, 0, 3, 36),
(34, 'AGR/14/AGR/01190', 'Tukur Garba Gwarzo', 0, 0, 0, 3, 36),
(35, 'AGR/14/AGR/01191', 'Usman DanInna Abubakar', 0, 0, 0, 3, 36),
(36, 'AGR/14/AGR/01193', 'Zubairu Buba ', 0, 0, 0, 3, 36);

-- --------------------------------------------------------

--
-- Table structure for table `users`
--

CREATE TABLE `users` (
  `id` int(11) NOT NULL,
  `name` varchar(100) NOT NULL,
  `email` varchar(100) NOT NULL,
  `password` varchar(300) NOT NULL,
  `status` int(11) NOT NULL
) ENGINE=InnoDB DEFAULT CHARSET=utf8mb4;

--
-- Dumping data for table `users`
--

INSERT INTO `users` (`id`, `name`, `email`, `password`, `status`) VALUES
(1, 'Yusuf Ahmad', 'iyusufahmad@gmail.com', '123', 0),
(2, 'Amina Aminu Idris', 'amina@gmail.com', '$2y$10$n56SSOC3vACVmobcdVmNxeaTrRDdmqU0RynNhOoBVWSN2fOWrTFJK', 0);

--
-- Indexes for dumped tables
--

--
-- Indexes for table `biodataa`
--
ALTER TABLE `biodataa`
  ADD PRIMARY KEY (`ukey`);

--
-- Indexes for table `carry_over`
--
ALTER TABLE `carry_over`
  ADD PRIMARY KEY (`id`);

--
-- Indexes for table `course`
--
ALTER TABLE `course`
  ADD PRIMARY KEY (`id`);

--
-- Indexes for table `course_of_study`
--
ALTER TABLE `course_of_study`
  ADD PRIMARY KEY (`id`);

--
-- Indexes for table `department`
--
ALTER TABLE `department`
  ADD PRIMARY KEY (`id`);

--
-- Indexes for table `employee`
--
ALTER TABLE `employee`
  ADD PRIMARY KEY (`id`);

--
-- Indexes for table `exams`
--
ALTER TABLE `exams`
  ADD PRIMARY KEY (`id`);

--
-- Indexes for table `examtype`
--
ALTER TABLE `examtype`
  ADD PRIMARY KEY (`id`);

--
-- Indexes for table `ex_excel`
--
ALTER TABLE `ex_excel`
  ADD PRIMARY KEY (`id`);

--
-- Indexes for table `faculty`
--
ALTER TABLE `faculty`
  ADD PRIMARY KEY (`id`);

--
-- Indexes for table `gps`
--
ALTER TABLE `gps`
  ADD PRIMARY KEY (`id`);

--
-- Indexes for table `level`
--
ALTER TABLE `level`
  ADD PRIMARY KEY (`id`);

--
-- Indexes for table `pma__bookmark`
--
ALTER TABLE `pma__bookmark`
  ADD PRIMARY KEY (`id`);

--
-- Indexes for table `pma__central_columns`
--
ALTER TABLE `pma__central_columns`
  ADD PRIMARY KEY (`db_name`,`col_name`);

--
-- Indexes for table `pma__column_info`
--
ALTER TABLE `pma__column_info`
  ADD PRIMARY KEY (`id`),
  ADD UNIQUE KEY `db_name` (`db_name`,`table_name`,`column_name`);

--
-- Indexes for table `pma__designer_settings`
--
ALTER TABLE `pma__designer_settings`
  ADD PRIMARY KEY (`username`);

--
-- Indexes for table `pma__export_templates`
--
ALTER TABLE `pma__export_templates`
  ADD PRIMARY KEY (`id`),
  ADD UNIQUE KEY `u_user_type_template` (`username`,`export_type`,`template_name`);

--
-- Indexes for table `pma__favorite`
--
ALTER TABLE `pma__favorite`
  ADD PRIMARY KEY (`username`);

--
-- Indexes for table `pma__history`
--
ALTER TABLE `pma__history`
  ADD PRIMARY KEY (`id`),
  ADD KEY `username` (`username`,`db`,`table`,`timevalue`);

--
-- Indexes for table `pma__navigationhiding`
--
ALTER TABLE `pma__navigationhiding`
  ADD PRIMARY KEY (`username`,`item_name`,`item_type`,`db_name`,`table_name`);

--
-- Indexes for table `pma__pdf_pages`
--
ALTER TABLE `pma__pdf_pages`
  ADD PRIMARY KEY (`page_nr`),
  ADD KEY `db_name` (`db_name`);

--
-- Indexes for table `pma__recent`
--
ALTER TABLE `pma__recent`
  ADD PRIMARY KEY (`username`);

--
-- Indexes for table `pma__relation`
--
ALTER TABLE `pma__relation`
  ADD PRIMARY KEY (`master_db`,`master_table`,`master_field`),
  ADD KEY `foreign_field` (`foreign_db`,`foreign_table`);

--
-- Indexes for table `pma__savedsearches`
--
ALTER TABLE `pma__savedsearches`
  ADD PRIMARY KEY (`id`),
  ADD UNIQUE KEY `u_savedsearches_username_dbname` (`username`,`db_name`,`search_name`);

--
-- Indexes for table `pma__table_coords`
--
ALTER TABLE `pma__table_coords`
  ADD PRIMARY KEY (`db_name`,`table_name`,`pdf_page_number`);

--
-- Indexes for table `pma__table_info`
--
ALTER TABLE `pma__table_info`
  ADD PRIMARY KEY (`db_name`,`table_name`);

--
-- Indexes for table `pma__table_uiprefs`
--
ALTER TABLE `pma__table_uiprefs`
  ADD PRIMARY KEY (`username`,`db_name`,`table_name`);

--
-- Indexes for table `pma__tracking`
--
ALTER TABLE `pma__tracking`
  ADD PRIMARY KEY (`db_name`,`table_name`,`version`);

--
-- Indexes for table `pma__userconfig`
--
ALTER TABLE `pma__userconfig`
  ADD PRIMARY KEY (`username`);

--
-- Indexes for table `pma__usergroups`
--
ALTER TABLE `pma__usergroups`
  ADD PRIMARY KEY (`usergroup`,`tab`,`allowed`);

--
-- Indexes for table `pma__users`
--
ALTER TABLE `pma__users`
  ADD PRIMARY KEY (`username`,`usergroup`);

--
-- Indexes for table `semester`
--
ALTER TABLE `semester`
  ADD PRIMARY KEY (`id`);

--
-- Indexes for table `session`
--
ALTER TABLE `session`
  ADD PRIMARY KEY (`id`);

--
-- Indexes for table `student`
--
ALTER TABLE `student`
  ADD PRIMARY KEY (`id`);

--
-- Indexes for table `users`
--
ALTER TABLE `users`
  ADD PRIMARY KEY (`id`);

--
-- AUTO_INCREMENT for dumped tables
--

--
-- AUTO_INCREMENT for table `biodataa`
--
ALTER TABLE `biodataa`
  MODIFY `ukey` int(11) NOT NULL AUTO_INCREMENT, AUTO_INCREMENT=9;

--
-- AUTO_INCREMENT for table `carry_over`
--
ALTER TABLE `carry_over`
  MODIFY `id` int(11) NOT NULL AUTO_INCREMENT, AUTO_INCREMENT=85;

--
-- AUTO_INCREMENT for table `course`
--
ALTER TABLE `course`
  MODIFY `id` int(11) NOT NULL AUTO_INCREMENT, AUTO_INCREMENT=57;

--
-- AUTO_INCREMENT for table `course_of_study`
--
ALTER TABLE `course_of_study`
  MODIFY `id` int(11) NOT NULL AUTO_INCREMENT, AUTO_INCREMENT=6;

--
-- AUTO_INCREMENT for table `department`
--
ALTER TABLE `department`
  MODIFY `id` int(11) NOT NULL AUTO_INCREMENT, AUTO_INCREMENT=7;

--
-- AUTO_INCREMENT for table `employee`
--
ALTER TABLE `employee`
  MODIFY `id` int(11) NOT NULL AUTO_INCREMENT, AUTO_INCREMENT=14;

--
-- AUTO_INCREMENT for table `exams`
--
ALTER TABLE `exams`
  MODIFY `id` int(11) NOT NULL AUTO_INCREMENT, AUTO_INCREMENT=901;

--
-- AUTO_INCREMENT for table `examtype`
--
ALTER TABLE `examtype`
  MODIFY `id` int(11) NOT NULL AUTO_INCREMENT, AUTO_INCREMENT=4;

--
-- AUTO_INCREMENT for table `ex_excel`
--
ALTER TABLE `ex_excel`
  MODIFY `id` int(8) NOT NULL AUTO_INCREMENT, AUTO_INCREMENT=13;

--
-- AUTO_INCREMENT for table `faculty`
--
ALTER TABLE `faculty`
  MODIFY `id` int(11) NOT NULL AUTO_INCREMENT, AUTO_INCREMENT=4;

--
-- AUTO_INCREMENT for table `gps`
--
ALTER TABLE `gps`
  MODIFY `id` int(11) NOT NULL AUTO_INCREMENT, AUTO_INCREMENT=73;

--
-- AUTO_INCREMENT for table `level`
--
ALTER TABLE `level`
  MODIFY `id` int(11) NOT NULL AUTO_INCREMENT, AUTO_INCREMENT=8;

--
-- AUTO_INCREMENT for table `pma__bookmark`
--
ALTER TABLE `pma__bookmark`
  MODIFY `id` int(10) UNSIGNED NOT NULL AUTO_INCREMENT;

--
-- AUTO_INCREMENT for table `pma__column_info`
--
ALTER TABLE `pma__column_info`
  MODIFY `id` int(5) UNSIGNED NOT NULL AUTO_INCREMENT;

--
-- AUTO_INCREMENT for table `pma__export_templates`
--
ALTER TABLE `pma__export_templates`
  MODIFY `id` int(5) UNSIGNED NOT NULL AUTO_INCREMENT;

--
-- AUTO_INCREMENT for table `pma__history`
--
ALTER TABLE `pma__history`
  MODIFY `id` bigint(20) UNSIGNED NOT NULL AUTO_INCREMENT;

--
-- AUTO_INCREMENT for table `pma__pdf_pages`
--
ALTER TABLE `pma__pdf_pages`
  MODIFY `page_nr` int(10) UNSIGNED NOT NULL AUTO_INCREMENT;

--
-- AUTO_INCREMENT for table `pma__savedsearches`
--
ALTER TABLE `pma__savedsearches`
  MODIFY `id` int(5) UNSIGNED NOT NULL AUTO_INCREMENT;

--
-- AUTO_INCREMENT for table `semester`
--
ALTER TABLE `semester`
  MODIFY `id` int(11) NOT NULL AUTO_INCREMENT, AUTO_INCREMENT=3;

--
-- AUTO_INCREMENT for table `session`
--
ALTER TABLE `session`
  MODIFY `id` int(11) NOT NULL AUTO_INCREMENT, AUTO_INCREMENT=48;

--
-- AUTO_INCREMENT for table `student`
--
ALTER TABLE `student`
  MODIFY `id` int(11) NOT NULL AUTO_INCREMENT, AUTO_INCREMENT=37;

--
-- AUTO_INCREMENT for table `users`
--
ALTER TABLE `users`
  MODIFY `id` int(11) NOT NULL AUTO_INCREMENT, AUTO_INCREMENT=3;
COMMIT;

/*!40101 SET CHARACTER_SET_CLIENT=@OLD_CHARACTER_SET_CLIENT */;
/*!40101 SET CHARACTER_SET_RESULTS=@OLD_CHARACTER_SET_RESULTS */;
/*!40101 SET COLLATION_CONNECTION=@OLD_COLLATION_CONNECTION */;
